-- phpMyAdmin SQL Dump
-- version 3.5.2.2
-- http://www.phpmyadmin.net
--
-- Host: 127.0.0.1
-- Generation Time: Mar 02, 2014 at 12:31 AM
-- Server version: 5.5.27
-- PHP Version: 5.4.7

SET SQL_MODE="NO_AUTO_VALUE_ON_ZERO";
SET time_zone = "+00:00";


/*!40101 SET @OLD_CHARACTER_SET_CLIENT=@@CHARACTER_SET_CLIENT */;
/*!40101 SET @OLD_CHARACTER_SET_RESULTS=@@CHARACTER_SET_RESULTS */;
/*!40101 SET @OLD_COLLATION_CONNECTION=@@COLLATION_CONNECTION */;
/*!40101 SET NAMES utf8 */;

--
-- Database: `performance`
--

-- --------------------------------------------------------

--
-- Table structure for table `batas_penilaian`
--

CREATE TABLE IF NOT EXISTS `batas_penilaian` (
  `id` int(11) NOT NULL AUTO_INCREMENT,
  `maksimal` int(11) NOT NULL,
  `minimal` int(11) NOT NULL,
  PRIMARY KEY (`id`)
) ENGINE=InnoDB  DEFAULT CHARSET=latin1 AUTO_INCREMENT=4 ;

--
-- Dumping data for table `batas_penilaian`
--

INSERT INTO `batas_penilaian` (`id`, `maksimal`, `minimal`) VALUES
(1, 120, 60),
(3, 105, 60);

-- --------------------------------------------------------

--
-- Table structure for table `finalisasi`
--

CREATE TABLE IF NOT EXISTS `finalisasi` (
  `user_id` int(11) NOT NULL,
  `periode` int(11) NOT NULL,
  `tanggal` datetime NOT NULL
) ENGINE=InnoDB DEFAULT CHARSET=latin1;

-- --------------------------------------------------------

--
-- Table structure for table `formulas`
--

CREATE TABLE IF NOT EXISTS `formulas` (
  `id` int(11) NOT NULL AUTO_INCREMENT,
  `name` varchar(255) NOT NULL,
  `description` varchar(100) NOT NULL,
  PRIMARY KEY (`id`)
) ENGINE=InnoDB  DEFAULT CHARSET=latin1 AUTO_INCREMENT=6 ;

--
-- Dumping data for table `formulas`
--

INSERT INTO `formulas` (`id`, `name`, `description`) VALUES
(1, 'F1 (Hitung Lurus)', '100 + ((( relisasi - target ) / target ) x 100 )'),
(2, 'F2 (Hitung Terbalik)', '100 + ((( target - relisasi ) / target ) x 100 )'),
(3, 'F3 (Hitung Tanggal)', '100 + ((( target - relisasi ) / konstanta_tanggal ) x 100 )'),
(4, 'F4 (Hitung Konstanta Lurus)', '100 + (( relisasi - target ) x konstanta )'),
(5, 'F5 (Hitung Konstanta Terbalik)', '  100 + (( target - relisasi ) x konstanta )');

-- --------------------------------------------------------

--
-- Table structure for table `help`
--

CREATE TABLE IF NOT EXISTS `help` (
  `id` int(11) NOT NULL AUTO_INCREMENT,
  `name` varchar(255) NOT NULL,
  `description` text NOT NULL,
  PRIMARY KEY (`id`)
) ENGINE=InnoDB DEFAULT CHARSET=latin1 AUTO_INCREMENT=1 ;

-- --------------------------------------------------------

--
-- Table structure for table `inisiatives`
--

CREATE TABLE IF NOT EXISTS `inisiatives` (
  `id` int(11) NOT NULL AUTO_INCREMENT,
  `name` varchar(255) NOT NULL,
  `theme_id` int(11) NOT NULL,
  PRIMARY KEY (`id`)
) ENGINE=InnoDB  DEFAULT CHARSET=latin1 AUTO_INCREMENT=15 ;

--
-- Dumping data for table `inisiatives`
--

INSERT INTO `inisiatives` (`id`, `name`, `theme_id`) VALUES
(7, 'Percepatan establishment Perusahaan', 6),
(8, 'Pengalihan resources', 6),
(9, 'Kelancaran operasional', 6),
(10, 'Peningkatan pelayanan', 6),
(11, 'Pengamanan keuangan', 6),
(12, 'Penerapan Good Corporate Governance', 6),
(13, 'E - governance', 9),
(14, 'Technology upgradation', 9);

-- --------------------------------------------------------

--
-- Table structure for table `km`
--

CREATE TABLE IF NOT EXISTS `km` (
  `id` int(11) NOT NULL AUTO_INCREMENT,
  `bobot` float DEFAULT '0',
  `target` float DEFAULT '0',
  `order_no` int(11) DEFAULT NULL,
  `realisasi_org` float DEFAULT '0',
  `pencapaian_org` float DEFAULT '0',
  `prestasi_org` float DEFAULT '0',
  `realisasi_penilai` float DEFAULT '0',
  `pencapaian_penilai` float DEFAULT '0',
  `prestasi_penilai` float DEFAULT '0',
  `kpi_id` int(11) NOT NULL,
  `periode` int(11) NOT NULL,
  `keterangan_penilai` text,
  `is_published` int(1) NOT NULL DEFAULT '0',
  `flag` int(11) DEFAULT '1',
  PRIMARY KEY (`id`)
) ENGINE=InnoDB  DEFAULT CHARSET=latin1 AUTO_INCREMENT=124 ;

--
-- Dumping data for table `km`
--

INSERT INTO `km` (`id`, `bobot`, `target`, `order_no`, `realisasi_org`, `pencapaian_org`, `prestasi_org`, `realisasi_penilai`, `pencapaian_penilai`, `prestasi_penilai`, `kpi_id`, `periode`, `keterangan_penilai`, `is_published`, `flag`) VALUES
(41, 12, 99, 5, 102, 103.03, 12.36, 99.5, 100, 12, 26, 2013, NULL, 1, 1),
(42, 8, 70, 2, 71, 101.43, 8.11, 73.35, 104.29, 8.34, 23, 2013, NULL, 1, 1),
(43, 6, 60, 12, 57, 95, 5.7, 61.65, 101.67, 6.1, 33, 2013, NULL, 1, 1),
(44, 6, 276, 13, 269, 97.46, 5.85, 279.5, 101.09, 6.07, 34, 2013, NULL, 1, 1),
(45, 6, 3260, 3, 3178, 102.52, 6.15, 3223.55, 101.13, 6.07, 24, 2013, NULL, 1, 1),
(46, 6, 192.5, 1, 184.7, 95.83, 5.75, 204.749, 106.25, 6.38, 22, 2013, NULL, 1, 1),
(47, 8, 100, 8, 108, 105, 8.4, 98.756, 98, 7.84, 29, 2013, NULL, 1, 1),
(48, 10, 70, 9, 65, 92.86, 9.29, 72.75, 102.86, 10.29, 30, 2013, NULL, 1, 1),
(49, 6, 100, 6, 97.79, 97, 5.82, 102.76, 102, 6.12, 27, 2013, NULL, 1, 1),
(50, 8, 100, 10, 90, 90, 7.2, 96.5, 96, 7.68, 31, 2013, NULL, 1, 1),
(121, 12, 40, 4, 37, 92.5, 11.1, 40, 100, 12, 25, 2013, NULL, 1, 1),
(122, 6, 4, 11, 7, 105, 6.3, 7, 105, 6.3, 32, 2013, NULL, 1, 1),
(123, 6, 70, 7, 66, 94.29, 5.66, 73.55, 104.29, 6.26, 28, 2013, NULL, 1, 1);

-- --------------------------------------------------------

--
-- Table structure for table `km_unit`
--

CREATE TABLE IF NOT EXISTS `km_unit` (
  `id` int(11) NOT NULL AUTO_INCREMENT,
  `periode` int(11) NOT NULL,
  `unit_id` int(11) DEFAULT NULL,
  `order_no` int(11) DEFAULT NULL,
  `kpi_id` int(11) NOT NULL,
  `bobot` float DEFAULT '0',
  `target` float DEFAULT '0',
  `realisasi_org` float DEFAULT '0',
  `pencapaian_org` float DEFAULT '0',
  `prestasi_org` float DEFAULT '0',
  `realisasi_penilai` float DEFAULT '0',
  `pencapaian_penilai` float DEFAULT '0',
  `prestasi_penilai` float DEFAULT '0',
  `keterangan_penilai` varchar(1024) DEFAULT NULL,
  `lampiran` varchar(2048) DEFAULT NULL,
  `flag` int(11) NOT NULL DEFAULT '1',
  `is_published` int(1) NOT NULL,
  PRIMARY KEY (`id`)
) ENGINE=InnoDB  DEFAULT CHARSET=latin1 AUTO_INCREMENT=72 ;

--
-- Dumping data for table `km_unit`
--

INSERT INTO `km_unit` (`id`, `periode`, `unit_id`, `order_no`, `kpi_id`, `bobot`, `target`, `realisasi_org`, `pencapaian_org`, `prestasi_org`, `realisasi_penilai`, `pencapaian_penilai`, `prestasi_penilai`, `keterangan_penilai`, `lampiran`, `flag`, `is_published`) VALUES
(1, 2013, 24, 6, 27, 20, 14.29, 0, 0, 0, 0, 0, 0, NULL, NULL, 1, 0),
(3, 2013, 18, 6, 27, 20, 14.29, 0, 0, 0, 0, 0, 0, NULL, NULL, 1, 0),
(4, 2013, 2, 1, 22, 12, 27.5082, 25, 92.5926, 11.1111, 29.56, 107.459, 12.8951, '', NULL, 1, 0),
(5, 2013, 2, 2, 24, 12, 465.854, 467, 99.5699, 11.9484, 456, 102.115, 12.2538, '', NULL, 1, 0),
(6, 2013, 2, 5, 27, 20, 14.29, 14.29, 100, 20, 14.5, 101.47, 20.2939, '', NULL, 1, 0),
(7, 2013, 2, 3, 28, 10, 17.5, 17, 100, 10, 20, 105, 10.5, '', NULL, 1, 0),
(8, 2013, 2, 4, 29, 8, 25, 35, 105, 8.4, 24.756, 99.024, 7.92192, '', NULL, 1, 0),
(9, 2013, 2, 6, 30, 20, 17.5, 17, 100, 20, 20, 105, 21, '', NULL, 1, 0),
(10, 2013, 2, 7, 32, 6, 0.5716, 1, 105, 6.3, 1, 105, 6.3, '', NULL, 1, 0),
(11, 2013, 2, 8, 33, 6, 8.574, 9, 105, 6.3, 8.75, 102.053, 6.12316, '', NULL, 1, 0),
(12, 2013, 2, 9, 34, 6, 39.4404, 39, 100, 6, 40, 101.419, 6.08513, '', NULL, 1, 0),
(13, 2013, 9, 1, 22, 6, 27.5082, 27, 100, 6, 27.98, 101.715, 6.10291, '', NULL, 1, 0),
(14, 2013, 9, 2, 23, 8, 17.5, 18, 105.882, 8.47059, 20, 114.286, 9.14286, '', NULL, 1, 0),
(15, 2013, 9, 3, 24, 6, 465.854, 469, 99.1398, 5.94839, 475, 98.0367, 5.8822, '', NULL, 1, 0),
(16, 2013, 9, 4, 25, 12, 20, 19, 95, 11.4, 20, 100, 12, '', NULL, 1, 0),
(17, 2013, 9, 5, 26, 12, 19.8, 19, 100, 12, 20, 101.01, 12.1212, '', NULL, 1, 0),
(18, 2013, 9, 6, 27, 20, 14.29, 14, 100, 20, 15, 104.969, 20.9937, '', NULL, 1, 0),
(19, 2013, 9, 7, 31, 18, 33.34, 33, 100, 18, 31, 92.9814, 16.7367, '', NULL, 1, 0),
(20, 2013, 9, 8, 32, 6, 0.5716, 1, 105, 6.3, 1, 105, 6.3, '', NULL, 1, 0),
(21, 2013, 9, 9, 33, 6, 8.574, 9, 105, 6.3, 9, 104.969, 6.29811, '', NULL, 1, 0),
(22, 2013, 9, 10, 34, 6, 39.4404, 40, 102.564, 6.15385, 40, 101.419, 6.08513, '', NULL, 1, 0),
(23, 2013, 14, 1, 22, 10, 27.5082, 27.7, 100, 10, 28.31, 102.915, 10.2915, '', NULL, 1, 0),
(24, 2013, 14, 2, 24, 10, 465.854, 400, 113.978, 11.3978, 457.9, 101.707, 10.1707, '', NULL, 1, 0),
(25, 2013, 14, 3, 26, 24, 19.8, 20, 105, 25.2, 20, 101.01, 24.2424, '', NULL, 1, 0),
(26, 2013, 14, 4, 27, 20, 14.29, 13.5, 92.8571, 18.5714, 14.5, 101.47, 20.2939, '', NULL, 1, 0),
(27, 2013, 14, 5, 31, 18, 33.34, 32, 96.9697, 17.4545, 33.5, 100.48, 18.0864, '', NULL, 1, 0),
(28, 2013, 14, 6, 32, 6, 0.5716, 1, 105, 6.3, 1, 105, 6.3, '', NULL, 1, 0),
(29, 2013, 14, 7, 33, 6, 8.574, 7, 87.5, 5.25, 8, 93.3053, 5.59832, '', NULL, 1, 0),
(30, 2013, 14, 8, 34, 6, 39.4404, 35, 89.7436, 5.38462, 40, 101.419, 6.08513, '', NULL, 1, 0),
(31, 2013, 11, 1, 22, 12, 27.5082, 25, 92.5926, 11.1111, 29.14, 105.932, 12.7118, '', NULL, 1, 0),
(32, 2013, 11, 2, 24, 12, 465.854, 475, 97.8495, 11.7419, 467.5, 99.6467, 11.9576, '', NULL, 1, 0),
(33, 2013, 11, 3, 26, 26, 19.8, 19, 100, 26, 20, 101.01, 26.2626, '', NULL, 1, 0),
(34, 2013, 11, 6, 27, 10, 14.29, 14, 100, 10, 14.76, 103.289, 10.3289, '', NULL, 1, 0),
(35, 2013, 11, 4, 28, 8, 17.5, 17, 100, 8, 18, 102.857, 8.22857, '', NULL, 1, 0),
(36, 2013, 11, 5, 29, 8, 25, 25, 100, 8, 24, 96, 7.68, '', NULL, 1, 0),
(37, 2013, 11, 7, 32, 8, 0.5716, 1, 105, 8.4, 1, 105, 8.4, '', NULL, 1, 0),
(38, 2013, 11, 8, 33, 8, 8.574, 8, 100, 8, 9, 104.969, 8.39748, '', NULL, 1, 0),
(39, 2013, 11, 9, 34, 8, 39.4404, 40, 102.564, 8.20513, 39.5, 100.151, 8.01209, '', NULL, 1, 0),
(40, 2013, 15, 1, 22, 6, 27.5082, 25, 92.5926, 5.55556, 27.798, 101.054, 6.06321, '', NULL, 1, 0),
(41, 2013, 15, 2, 23, 8, 17.5, 19, 111.765, 8.94118, 18, 102.857, 8.22857, '', NULL, 1, 0),
(42, 2013, 15, 3, 24, 6, 465.854, 466, 99.7849, 5.9871, 435.75, 106.462, 6.38773, '', NULL, 1, 0),
(43, 2013, 15, 4, 25, 12, 20, 18, 90, 10.8, 20, 100, 12, '', NULL, 1, 0),
(44, 2013, 15, 5, 26, 12, 19.8, 25, 105, 12.6, 20, 101.01, 12.1212, '', NULL, 1, 0),
(45, 2013, 15, 6, 27, 6, 14.29, 13, 92.8571, 5.57143, 15, 104.969, 6.29811, '', NULL, 1, 0),
(46, 2013, 15, 7, 28, 6, 17.5, 15, 88.2353, 5.29412, 17.8, 101.714, 6.10286, '', NULL, 1, 0),
(47, 2013, 15, 8, 29, 8, 25, 23, 92, 7.36, 25, 100, 8, '', NULL, 1, 0),
(48, 2013, 15, 9, 30, 18, 17.5, 18, 105, 18.9, 17.75, 101.429, 18.2571, '', NULL, 1, 0),
(49, 2013, 15, 10, 32, 6, 0.5716, 1, 105, 6.3, 1, 105, 6.3, '', NULL, 1, 0),
(50, 2013, 15, 11, 33, 6, 8.574, 9, 105, 6.3, 9, 104.969, 6.29811, '', NULL, 1, 0),
(51, 2013, 15, 12, 34, 6, 39.4404, 40, 102.564, 6.15385, 40, 101.419, 6.08513, '', NULL, 1, 0),
(52, 2013, 16, 1, 22, 9, 27.5082, 30, 111.111, 10, 31.97, 116.22, 10.4598, '', NULL, 1, 0),
(53, 2013, 16, 2, 23, 11, 17.5, 17, 100, 11, 18, 102.857, 11.3143, '', NULL, 1, 0),
(54, 2013, 16, 3, 24, 9, 465.854, 435, 106.452, 9.58065, 465.5, 100.076, 9.00684, '', NULL, 1, 0),
(55, 2013, 16, 4, 27, 26, 14.29, 15, 105, 27.3, 14.5, 101.47, 26.3821, '', NULL, 1, 0),
(56, 2013, 16, 5, 30, 20, 17.5, 15, 88.2353, 17.6471, 18, 102.857, 20.5714, '', NULL, 1, 0),
(57, 2013, 16, 6, 32, 9, 0.5716, 1, 105, 9.45, 1, 105, 9.45, '', NULL, 1, 0),
(58, 2013, 16, 7, 33, 8, 8.574, 8, 100, 8, 9, 104.969, 8.39748, '', NULL, 1, 0),
(59, 2013, 16, 8, 34, 8, 39.4404, 35, 89.7436, 7.17949, 40, 101.419, 8.11351, '', NULL, 1, 0),
(60, 2013, 17, 1, 22, 6, 27.5082, 25, 92.5926, 5.55556, 29.9912, 109.026, 6.54158, '', NULL, 1, 0),
(61, 2013, 17, 2, 23, 8, 17.5, 17, 100, 8, 17.35, 99.1429, 7.93143, '', NULL, 1, 0),
(62, 2013, 17, 3, 24, 6, 465.854, 466, 99.7849, 5.9871, 465.9, 99.9901, 5.99941, '', NULL, 1, 0),
(63, 2013, 17, 4, 26, 24, 19.8, 19, 100, 24, 19.5, 98.4848, 23.6364, '', NULL, 1, 0),
(64, 2013, 17, 5, 27, 6, 14.29, 14, 100, 6, 14.5, 101.47, 6.08817, '', NULL, 1, 0),
(65, 2013, 17, 6, 28, 6, 17.5, 17, 100, 6, 17.75, 101.429, 6.08571, '', NULL, 1, 0),
(66, 2013, 17, 7, 29, 8, 25, 25, 100, 8, 25, 100, 8, '', NULL, 1, 0),
(67, 2013, 17, 8, 30, 10, 17.5, 15, 88.2353, 8.82353, 17, 97.1429, 9.71429, '', NULL, 1, 0),
(68, 2013, 17, 9, 31, 8, 33.33, 25, 75.7576, 6.06061, 32, 96.0096, 7.68077, '', NULL, 1, 0),
(69, 2013, 17, 10, 32, 6, 0.5716, 1, 105, 6.3, 1, 105, 6.3, '', NULL, 1, 0),
(70, 2013, 17, 11, 33, 6, 8.574, 7, 87.5, 5.25, 8.9, 103.802, 6.22813, '', NULL, 1, 0),
(71, 2013, 17, 12, 34, 6, 39.4404, 40, 102.564, 6.15385, 40, 101.419, 6.08513, '', NULL, 1, 0);

-- --------------------------------------------------------

--
-- Table structure for table `kompetitor`
--

CREATE TABLE IF NOT EXISTS `kompetitor` (
  `id` int(11) NOT NULL AUTO_INCREMENT,
  `tahun` varchar(4) NOT NULL,
  `kpi_id` int(11) NOT NULL,
  `best_performance` int(11) NOT NULL,
  `kompetitor` int(11) NOT NULL,
  `benchmark` int(11) NOT NULL,
  PRIMARY KEY (`id`)
) ENGINE=InnoDB  DEFAULT CHARSET=latin1 AUTO_INCREMENT=34 ;

--
-- Dumping data for table `kompetitor`
--

INSERT INTO `kompetitor` (`id`, `tahun`, `kpi_id`, `best_performance`, `kompetitor`, `benchmark`) VALUES
(1, '2013', 2, 100, 99, 99),
(2, '2013', 7, 99, 100, 10),
(12, '2013', 23, 93, 96, 95),
(13, '2013', 24, 93, 91, 87),
(14, '2013', 22, 161, 145, 150),
(15, '2013', 25, 85, 75, 90),
(16, '2013', 26, 97, 88, 95),
(17, '2013', 27, 89, 75, 85),
(18, '2013', 28, 75, 50, 60),
(19, '2013', 29, 91, 86, 95),
(20, '2013', 30, 91, 91, 85),
(21, '2013', 31, 79, 75, 75),
(22, '2013', 32, 5, 5, 3),
(23, '2013', 33, 95, 90, 85),
(24, '2013', 34, 95, 90, 95),
(25, '2012', 22, 160, 141, 147),
(26, '2011', 22, 159, 139, 145),
(27, '2010', 22, 142, 136, 130),
(28, '2009', 22, 139, 135, 125),
(29, '2008', 22, 133, 129, 102),
(30, '2007', 22, 127, 127, 97),
(31, '2006', 22, 125, 125, 95),
(32, '2005', 22, 110, 123, 94),
(33, '2004', 22, 97, 100, 93);

-- --------------------------------------------------------

--
-- Table structure for table `kpi`
--

CREATE TABLE IF NOT EXISTS `kpi` (
  `id` int(11) NOT NULL AUTO_INCREMENT,
  `kpi` varchar(256) NOT NULL,
  `batas_penilaian` date NOT NULL,
  `objective_id` int(11) NOT NULL,
  `inisiative_id` int(11) NOT NULL,
  `perspective_id` int(11) NOT NULL,
  `organization_id` int(5) NOT NULL,
  `unit_id` int(11) NOT NULL,
  `score_id` int(11) NOT NULL,
  `formula_id` int(11) NOT NULL DEFAULT '1',
  `batas_penilaian_id` int(11) NOT NULL DEFAULT '1',
  `flag` int(11) DEFAULT '1',
  PRIMARY KEY (`id`)
) ENGINE=InnoDB  DEFAULT CHARSET=latin1 AUTO_INCREMENT=35 ;

--
-- Dumping data for table `kpi`
--

INSERT INTO `kpi` (`id`, `kpi`, `batas_penilaian`, `objective_id`, `inisiative_id`, `perspective_id`, `organization_id`, `unit_id`, `score_id`, `formula_id`, `batas_penilaian_id`, `flag`) VALUES
(22, 'Earning Before Interest and Tax (EBIT)', '0000-00-00', 0, 11, 5, 2, 8, 0, 1, 1, 1),
(23, 'Collection ratio', '0000-00-00', 0, 11, 5, 2, 1, 0, 1, 1, 1),
(24, 'Cost per route unit', '0000-00-00', 0, 11, 5, 2, 13, 0, 2, 1, 1),
(25, 'Pengelolaan ekspektasi pelanggan', '0000-00-00', 0, 10, 2, 2, 1, 0, 1, 3, 1),
(26, 'Acceptable level of safety', '0000-00-00', 0, 10, 2, 2, 1, 0, 1, 3, 1),
(27, 'Implementasi pedoman-pedoman kerja dan pemenuhan persyaratan penting', '0000-00-00', 0, 9, 1, 2, 1, 0, 1, 3, 1),
(28, 'Realisasi investasi', '0000-00-00', 0, 8, 1, 2, 1, 0, 1, 3, 1),
(29, 'Facility Readiness', '0000-00-00', 0, 9, 1, 2, 1, 0, 1, 3, 1),
(30, 'Human capital readiness', '0000-00-00', 0, 7, 3, 2, 1, 0, 1, 3, 1),
(31, 'Mandatory certification level', '0000-00-00', 0, 12, 3, 2, 1, 0, 1, 3, 1),
(32, 'Penyusunan pedoman dan kebijakan Risk Management', '0000-00-00', 0, 12, 4, 2, 3, 0, 1, 3, 1),
(33, 'Comply to GCG Indicators', '0000-00-00', 0, 7, 4, 2, 14, 0, 1, 3, 1),
(34, 'Comply to KPKU Requirement', '0000-00-00', 0, 12, 4, 2, 14, 0, 1, 3, 1);

-- --------------------------------------------------------

--
-- Table structure for table `kpi_support`
--

CREATE TABLE IF NOT EXISTS `kpi_support` (
  `kpi_id` int(11) DEFAULT NULL,
  `organization_id` int(5) DEFAULT NULL,
  `bobot` int(5) DEFAULT NULL,
  KEY `FK_kpi_support` (`kpi_id`),
  KEY `FK_kpi_support2` (`organization_id`)
) ENGINE=InnoDB DEFAULT CHARSET=latin1;

--
-- Dumping data for table `kpi_support`
--

INSERT INTO `kpi_support` (`kpi_id`, `organization_id`, `bobot`) VALUES
(22, 9, 17),
(22, 16, 17),
(22, 17, 17),
(22, 11, 17),
(22, 14, 17),
(22, 15, 17),
(23, 9, 33),
(23, 16, 33),
(23, 11, 33),
(24, 9, 17),
(24, 11, 17),
(24, 14, 17),
(24, 15, 17),
(24, 16, 17),
(24, 17, 17),
(25, 9, 25),
(25, 11, 25),
(25, 15, 25),
(25, 14, 25),
(26, 9, 20),
(26, 11, 20),
(26, 14, 20),
(26, 15, 20),
(26, 17, 20),
(27, 9, 17),
(27, 11, 17),
(27, 14, 17),
(27, 15, 17),
(27, 16, 17),
(27, 17, 17),
(28, 9, 25),
(28, 11, 25),
(28, 14, 25),
(28, 15, 25),
(29, 9, 25),
(29, 11, 25),
(29, 14, 25),
(29, 15, 25),
(30, 15, 33),
(30, 17, 33),
(30, 16, 33),
(31, 17, 25),
(31, 9, 25),
(31, 11, 25),
(31, 14, 25),
(32, 9, 17),
(32, 11, 17),
(32, 14, 17),
(32, 15, 17),
(32, 16, 17),
(32, 17, 17),
(33, 9, 17),
(33, 11, 17),
(33, 14, 17),
(33, 15, 17),
(33, 16, 17),
(33, 17, 17),
(34, 9, 17),
(34, 11, 17),
(34, 14, 17),
(34, 15, 17),
(34, 16, 17),
(34, 17, 17);

-- --------------------------------------------------------

--
-- Table structure for table `log_real_penilai`
--

CREATE TABLE IF NOT EXISTS `log_real_penilai` (
  `id` int(5) NOT NULL AUTO_INCREMENT,
  `periode` int(4) DEFAULT NULL,
  `unit_id` int(11) DEFAULT NULL,
  `kpi_id` int(11) DEFAULT NULL,
  `tgl_input` datetime DEFAULT NULL,
  `realisasi` float DEFAULT NULL,
  `user_id` int(5) DEFAULT NULL,
  PRIMARY KEY (`id`)
) ENGINE=InnoDB  DEFAULT CHARSET=latin1 AUTO_INCREMENT=191 ;

--
-- Dumping data for table `log_real_penilai`
--

INSERT INTO `log_real_penilai` (`id`, `periode`, `unit_id`, `kpi_id`, `tgl_input`, `realisasi`, `user_id`) VALUES
(1, 2013, 17, 60, '2014-01-15 17:10:17', 32.79, 99999),
(2, 2013, 17, 61, '2014-01-15 17:10:17', 17.35, 99999),
(3, 2013, 17, 62, '2014-01-15 17:10:17', 465.9, 99999),
(4, 2013, 17, 63, '2014-01-15 17:10:17', 19.5, 99999),
(5, 2013, 17, 64, '2014-01-15 17:10:17', 14.5, 99999),
(6, 2013, 17, 65, '2014-01-15 17:10:17', 17.75, 99999),
(7, 2013, 17, 66, '2014-01-15 17:10:17', 25, 99999),
(8, 2013, 17, 67, '2014-01-15 17:10:17', 17, 99999),
(9, 2013, 17, 68, '2014-01-15 17:10:17', 0, 99999),
(10, 2013, 17, 69, '2014-01-15 17:10:17', 1, 99999),
(11, 2013, 17, 70, '2014-01-15 17:10:17', 8.9, 99999),
(12, 2013, 17, 71, '2014-01-15 17:10:17', 40, 99999),
(13, 2013, 16, 52, '2014-01-15 17:11:28', 35.95, 99999),
(14, 2013, 16, 53, '2014-01-15 17:11:28', 18, 99999),
(15, 2013, 16, 54, '2014-01-15 17:11:28', 465.5, 99999),
(16, 2013, 16, 55, '2014-01-15 17:11:28', 14.5, 99999),
(17, 2013, 16, 56, '2014-01-15 17:11:28', 18, 99999),
(18, 2013, 16, 57, '2014-01-15 17:11:28', 1, 99999),
(19, 2013, 16, 58, '2014-01-15 17:11:28', 9, 99999),
(20, 2013, 16, 59, '2014-01-15 17:11:28', 40, 99999),
(21, 2013, 16, 52, '2014-01-15 17:12:22', 35.95, 99999),
(22, 2013, 16, 53, '2014-01-15 17:12:22', 18, 99999),
(23, 2013, 16, 54, '2014-01-15 17:12:22', 465.5, 99999),
(24, 2013, 16, 55, '2014-01-15 17:12:22', 14.5, 99999),
(25, 2013, 16, 56, '2014-01-15 17:12:22', 18, 99999),
(26, 2013, 16, 57, '2014-01-15 17:12:22', 1, 99999),
(27, 2013, 16, 58, '2014-01-15 17:12:22', 9, 99999),
(28, 2013, 16, 59, '2014-01-15 17:12:22', 40, 99999),
(29, 2013, 15, 40, '2014-01-15 17:14:20', 37.5, 99999),
(30, 2013, 15, 41, '2014-01-15 17:14:20', 18, 99999),
(31, 2013, 15, 42, '2014-01-15 17:14:20', 435.75, 99999),
(32, 2013, 15, 43, '2014-01-15 17:14:20', 20, 99999),
(33, 2013, 15, 44, '2014-01-15 17:14:20', 20, 99999),
(34, 2013, 15, 45, '2014-01-15 17:14:20', 15, 99999),
(35, 2013, 15, 46, '2014-01-15 17:14:20', 17.8, 99999),
(36, 2013, 15, 47, '2014-01-15 17:14:20', 25, 99999),
(37, 2013, 15, 48, '2014-01-15 17:14:20', 17.75, 99999),
(38, 2013, 15, 49, '2014-01-15 17:14:20', 1, 99999),
(39, 2013, 15, 50, '2014-01-15 17:14:20', 9, 99999),
(40, 2013, 15, 51, '2014-01-15 17:14:20', 40, 99999),
(41, 2013, 15, 40, '2014-01-15 17:14:29', 37.5, 99999),
(42, 2013, 15, 41, '2014-01-15 17:14:29', 18, 99999),
(43, 2013, 15, 42, '2014-01-15 17:14:29', 435.75, 99999),
(44, 2013, 15, 43, '2014-01-15 17:14:29', 20, 99999),
(45, 2013, 15, 44, '2014-01-15 17:14:29', 20, 99999),
(46, 2013, 15, 45, '2014-01-15 17:14:29', 15, 99999),
(47, 2013, 15, 46, '2014-01-15 17:14:29', 17.8, 99999),
(48, 2013, 15, 47, '2014-01-15 17:14:29', 25, 99999),
(49, 2013, 15, 48, '2014-01-15 17:14:29', 17.75, 99999),
(50, 2013, 15, 49, '2014-01-15 17:14:29', 1, 99999),
(51, 2013, 15, 50, '2014-01-15 17:14:29', 9, 99999),
(52, 2013, 15, 51, '2014-01-15 17:14:29', 40, 99999),
(53, 2013, 14, 23, '2014-01-15 17:15:40', 33.7, 99999),
(54, 2013, 14, 24, '2014-01-15 17:15:40', 457.9, 99999),
(55, 2013, 14, 25, '2014-01-15 17:15:40', 20, 99999),
(56, 2013, 14, 26, '2014-01-15 17:15:40', 14.5, 99999),
(57, 2013, 14, 27, '2014-01-15 17:15:40', 33.5, 99999),
(58, 2013, 14, 28, '2014-01-15 17:15:40', 1, 99999),
(59, 2013, 14, 29, '2014-01-15 17:15:40', 8, 99999),
(60, 2013, 14, 30, '2014-01-15 17:15:40', 40, 99999),
(61, 2013, 11, 31, '2014-01-15 17:20:34', 37, 99999),
(62, 2013, 11, 32, '2014-01-15 17:20:34', 467.5, 99999),
(63, 2013, 11, 33, '2014-01-15 17:20:34', 20, 99999),
(64, 2013, 11, 35, '2014-01-15 17:20:34', 18, 99999),
(65, 2013, 11, 36, '2014-01-15 17:20:34', 24, 99999),
(66, 2013, 11, 34, '2014-01-15 17:20:34', 14.76, 99999),
(67, 2013, 11, 37, '2014-01-15 17:20:34', 1, 99999),
(68, 2013, 11, 38, '2014-01-15 17:20:34', 9, 99999),
(69, 2013, 11, 39, '2014-01-15 17:20:34', 39.5, 99999),
(70, 2013, 11, 31, '2014-01-15 17:21:00', 37, 99999),
(71, 2013, 11, 32, '2014-01-15 17:21:00', 467.5, 99999),
(72, 2013, 11, 33, '2014-01-15 17:21:00', 20, 99999),
(73, 2013, 11, 35, '2014-01-15 17:21:00', 18, 99999),
(74, 2013, 11, 36, '2014-01-15 17:21:00', 24, 99999),
(75, 2013, 11, 34, '2014-01-15 17:21:00', 14.76, 99999),
(76, 2013, 11, 37, '2014-01-15 17:21:00', 1, 99999),
(77, 2013, 11, 38, '2014-01-15 17:21:00', 9, 99999),
(78, 2013, 11, 39, '2014-01-15 17:21:00', 39.5, 99999),
(79, 2013, 9, 13, '2014-01-15 17:23:49', 38, 99999),
(80, 2013, 9, 14, '2014-01-15 17:23:49', 20, 99999),
(81, 2013, 9, 15, '2014-01-15 17:23:49', 475, 99999),
(82, 2013, 9, 16, '2014-01-15 17:23:49', 20, 99999),
(83, 2013, 9, 17, '2014-01-15 17:23:49', 20, 99999),
(84, 2013, 9, 18, '2014-01-15 17:23:49', 15, 99999),
(85, 2013, 9, 19, '2014-01-15 17:23:49', 31, 99999),
(86, 2013, 9, 20, '2014-01-15 17:23:49', 1, 99999),
(87, 2013, 9, 21, '2014-01-15 17:23:49', 9, 99999),
(88, 2013, 9, 22, '2014-01-15 17:23:49', 40, 99999),
(89, 2013, 2, 4, '2014-01-15 17:27:56', 35.98, 99999),
(90, 2013, 2, 5, '2014-01-15 17:27:56', 456, 99999),
(91, 2013, 2, 7, '2014-01-15 17:27:56', 20, 99999),
(92, 2013, 2, 8, '2014-01-15 17:27:56', 24.756, 99999),
(93, 2013, 2, 6, '2014-01-15 17:27:56', 14.5, 99999),
(94, 2013, 2, 9, '2014-01-15 17:27:56', 20, 99999),
(95, 2013, 2, 10, '2014-01-15 17:27:56', 1, 99999),
(96, 2013, 2, 11, '2014-01-15 17:27:56', 8.75, 99999),
(97, 2013, 2, 12, '2014-01-15 17:27:56', 40, 99999),
(98, 2013, 17, 60, '2014-01-15 23:32:29', 32.79, 99999),
(99, 2013, 17, 61, '2014-01-15 23:32:29', 17.35, 99999),
(100, 2013, 17, 62, '2014-01-15 23:32:29', 465.9, 99999),
(101, 2013, 17, 63, '2014-01-15 23:32:29', 19.5, 99999),
(102, 2013, 17, 64, '2014-01-15 23:32:29', 14.5, 99999),
(103, 2013, 17, 65, '2014-01-15 23:32:29', 17.75, 99999),
(104, 2013, 17, 66, '2014-01-15 23:32:29', 25, 99999),
(105, 2013, 17, 67, '2014-01-15 23:32:29', 17, 99999),
(106, 2013, 17, 68, '2014-01-15 23:32:29', 32, 99999),
(107, 2013, 17, 69, '2014-01-15 23:32:29', 1, 99999),
(108, 2013, 17, 70, '2014-01-15 23:32:29', 8.9, 99999),
(109, 2013, 17, 71, '2014-01-15 23:32:29', 40, 99999),
(110, 2013, 2, 4, '2014-01-20 15:15:28', 29.56, 99999),
(111, 2013, 2, 5, '2014-01-20 15:15:28', 456, 99999),
(112, 2013, 2, 7, '2014-01-20 15:15:28', 20, 99999),
(113, 2013, 2, 8, '2014-01-20 15:15:28', 24.756, 99999),
(114, 2013, 2, 6, '2014-01-20 15:15:28', 14.5, 99999),
(115, 2013, 2, 9, '2014-01-20 15:15:28', 20, 99999),
(116, 2013, 2, 10, '2014-01-20 15:15:28', 1, 99999),
(117, 2013, 2, 11, '2014-01-20 15:15:28', 8.75, 99999),
(118, 2013, 2, 12, '2014-01-20 15:15:28', 40, 99999),
(119, 2013, 9, 13, '2014-01-20 15:15:47', 27.98, 99999),
(120, 2013, 9, 14, '2014-01-20 15:15:47', 20, 99999),
(121, 2013, 9, 15, '2014-01-20 15:15:47', 475, 99999),
(122, 2013, 9, 16, '2014-01-20 15:15:47', 20, 99999),
(123, 2013, 9, 17, '2014-01-20 15:15:47', 20, 99999),
(124, 2013, 9, 18, '2014-01-20 15:15:47', 15, 99999),
(125, 2013, 9, 19, '2014-01-20 15:15:47', 31, 99999),
(126, 2013, 9, 20, '2014-01-20 15:15:47', 1, 99999),
(127, 2013, 9, 21, '2014-01-20 15:15:47', 9, 99999),
(128, 2013, 9, 22, '2014-01-20 15:15:47', 40, 99999),
(129, 2013, 11, 31, '2014-01-20 15:16:08', 29.14, 99999),
(130, 2013, 11, 32, '2014-01-20 15:16:08', 467.5, 99999),
(131, 2013, 11, 33, '2014-01-20 15:16:08', 20, 99999),
(132, 2013, 11, 35, '2014-01-20 15:16:08', 18, 99999),
(133, 2013, 11, 36, '2014-01-20 15:16:08', 24, 99999),
(134, 2013, 11, 34, '2014-01-20 15:16:08', 14.76, 99999),
(135, 2013, 11, 37, '2014-01-20 15:16:08', 1, 99999),
(136, 2013, 11, 38, '2014-01-20 15:16:08', 9, 99999),
(137, 2013, 11, 39, '2014-01-20 15:16:08', 39.5, 99999),
(138, 2013, 14, 23, '2014-01-20 15:16:26', 28.31, 99999),
(139, 2013, 14, 24, '2014-01-20 15:16:26', 457.9, 99999),
(140, 2013, 14, 25, '2014-01-20 15:16:26', 20, 99999),
(141, 2013, 14, 26, '2014-01-20 15:16:26', 14.5, 99999),
(142, 2013, 14, 27, '2014-01-20 15:16:26', 33.5, 99999),
(143, 2013, 14, 28, '2014-01-20 15:16:26', 1, 99999),
(144, 2013, 14, 29, '2014-01-20 15:16:26', 8, 99999),
(145, 2013, 14, 30, '2014-01-20 15:16:26', 40, 99999),
(146, 2013, 15, 40, '2014-01-20 15:16:55', 27.798, 99999),
(147, 2013, 15, 41, '2014-01-20 15:16:55', 18, 99999),
(148, 2013, 15, 42, '2014-01-20 15:16:55', 435.75, 99999),
(149, 2013, 15, 43, '2014-01-20 15:16:55', 20, 99999),
(150, 2013, 15, 44, '2014-01-20 15:16:55', 20, 99999),
(151, 2013, 15, 45, '2014-01-20 15:16:55', 15, 99999),
(152, 2013, 15, 46, '2014-01-20 15:16:55', 17.8, 99999),
(153, 2013, 15, 47, '2014-01-20 15:16:55', 25, 99999),
(154, 2013, 15, 48, '2014-01-20 15:16:55', 17.75, 99999),
(155, 2013, 15, 49, '2014-01-20 15:16:55', 1, 99999),
(156, 2013, 15, 50, '2014-01-20 15:16:55', 9, 99999),
(157, 2013, 15, 51, '2014-01-20 15:16:55', 40, 99999),
(158, 2013, 16, 52, '2014-01-20 15:17:11', 31.97, 99999),
(159, 2013, 16, 53, '2014-01-20 15:17:11', 18, 99999),
(160, 2013, 16, 54, '2014-01-20 15:17:11', 465.5, 99999),
(161, 2013, 16, 55, '2014-01-20 15:17:11', 14.5, 99999),
(162, 2013, 16, 56, '2014-01-20 15:17:11', 18, 99999),
(163, 2013, 16, 57, '2014-01-20 15:17:11', 1, 99999),
(164, 2013, 16, 58, '2014-01-20 15:17:11', 9, 99999),
(165, 2013, 16, 59, '2014-01-20 15:17:11', 40, 99999),
(166, 2013, 17, 60, '2014-01-20 15:17:53', 29.9912, 99999),
(167, 2013, 17, 61, '2014-01-20 15:17:53', 17.35, 99999),
(168, 2013, 17, 62, '2014-01-20 15:17:53', 465.9, 99999),
(169, 2013, 17, 63, '2014-01-20 15:17:53', 19.5, 99999),
(170, 2013, 17, 64, '2014-01-20 15:17:53', 14.5, 99999),
(171, 2013, 17, 65, '2014-01-20 15:17:53', 17.75, 99999),
(172, 2013, 17, 66, '2014-01-20 15:17:53', 25, 99999),
(173, 2013, 17, 67, '2014-01-20 15:17:53', 17, 99999),
(174, 2013, 17, 68, '2014-01-20 15:17:53', 32, 99999),
(175, 2013, 17, 69, '2014-01-20 15:17:53', 1, 99999),
(176, 2013, 17, 70, '2014-01-20 15:17:53', 8.9, 99999),
(177, 2013, 17, 71, '2014-01-20 15:17:53', 40, 99999),
(178, 2013, 0, 26, '2014-01-21 12:58:20', 99.5, 99999),
(179, 2013, 0, 23, '2014-01-21 12:58:20', 73.35, 99999),
(180, 2013, 0, 33, '2014-01-21 12:58:20', 61.65, 99999),
(181, 2013, 0, 34, '2014-01-21 12:58:20', 279.5, 99999),
(182, 2013, 0, 24, '2014-01-21 12:58:20', 3223.55, 99999),
(183, 2013, 0, 22, '2014-01-21 12:58:20', 204.749, 99999),
(184, 2013, 0, 29, '2014-01-21 12:58:20', 98.756, 99999),
(185, 2013, 0, 30, '2014-01-21 12:58:20', 72.75, 99999),
(186, 2013, 0, 27, '2014-01-21 12:58:20', 102.76, 99999),
(187, 2013, 0, 31, '2014-01-21 12:58:20', 96.5, 99999),
(188, 2013, 0, 25, '2014-01-21 12:58:20', 40, 99999),
(189, 2013, 0, 32, '2014-01-21 12:58:20', 7, 99999),
(190, 2013, 0, 28, '2014-01-21 12:58:20', 73.55, 99999);

-- --------------------------------------------------------

--
-- Table structure for table `log_real_unit`
--

CREATE TABLE IF NOT EXISTS `log_real_unit` (
  `id` int(5) NOT NULL AUTO_INCREMENT,
  `periode` int(4) DEFAULT NULL,
  `unit_id` int(11) DEFAULT NULL,
  `kpi_id` int(11) DEFAULT NULL,
  `tgl_input` datetime DEFAULT NULL,
  `realisasi` float DEFAULT NULL,
  `user_id` int(5) DEFAULT NULL,
  PRIMARY KEY (`id`)
) ENGINE=InnoDB  DEFAULT CHARSET=latin1 AUTO_INCREMENT=114 ;

--
-- Dumping data for table `log_real_unit`
--

INSERT INTO `log_real_unit` (`id`, `periode`, `unit_id`, `kpi_id`, `tgl_input`, `realisasi`, `user_id`) VALUES
(1, 2013, 17, 60, '2014-01-13 12:18:38', 25, 99999),
(2, 2013, 17, 61, '2014-01-13 12:18:38', 17, 99999),
(3, 2013, 17, 62, '2014-01-13 12:18:38', 435, 99999),
(4, 2013, 17, 63, '2014-01-13 12:18:38', 19, 99999),
(5, 2013, 17, 64, '2014-01-13 12:18:38', 14, 99999),
(6, 2013, 17, 65, '2014-01-13 12:18:38', 17, 99999),
(7, 2013, 17, 66, '2014-01-13 12:18:38', 25, 99999),
(8, 2013, 17, 67, '2014-01-13 12:18:38', 15, 99999),
(9, 2013, 17, 68, '2014-01-13 12:18:38', 25, 99999),
(10, 2013, 17, 69, '2014-01-13 12:18:38', 1, 99999),
(11, 2013, 17, 70, '2014-01-13 12:18:38', 7, 99999),
(12, 2013, 17, 71, '2014-01-13 12:18:38', 40, 99999),
(13, 2013, 16, 52, '2014-01-13 12:19:33', 30, 99999),
(14, 2013, 16, 53, '2014-01-13 12:19:33', 17, 99999),
(15, 2013, 16, 54, '2014-01-13 12:19:33', 435, 99999),
(16, 2013, 16, 55, '2014-01-13 12:19:33', 15, 99999),
(17, 2013, 16, 56, '2014-01-13 12:19:33', 15, 99999),
(18, 2013, 16, 57, '2014-01-13 12:19:33', 1, 99999),
(19, 2013, 16, 58, '2014-01-13 12:19:33', 8, 99999),
(20, 2013, 16, 59, '2014-01-13 12:19:33', 35, 99999),
(21, 2013, 15, 40, '2014-01-13 12:24:10', 25, 99999),
(22, 2013, 15, 41, '2014-01-13 12:24:10', 19, 99999),
(23, 2013, 15, 42, '2014-01-13 12:24:10', 400, 99999),
(24, 2013, 15, 43, '2014-01-13 12:24:10', 18, 99999),
(25, 2013, 15, 44, '2014-01-13 12:24:10', 25, 99999),
(26, 2013, 15, 45, '2014-01-13 12:24:10', 13, 99999),
(27, 2013, 15, 46, '2014-01-13 12:24:10', 15, 99999),
(28, 2013, 15, 47, '2014-01-13 12:24:10', 23, 99999),
(29, 2013, 15, 48, '2014-01-13 12:24:10', 18, 99999),
(30, 2013, 15, 49, '2014-01-13 12:24:10', 1, 99999),
(31, 2013, 15, 50, '2014-01-13 12:24:10', 9, 99999),
(32, 2013, 15, 51, '2014-01-13 12:24:10', 40, 99999),
(33, 2013, 17, 60, '2014-01-14 12:02:03', 25, 99999),
(34, 2013, 17, 61, '2014-01-14 12:02:03', 17, 99999),
(35, 2013, 17, 62, '2014-01-14 12:02:03', 466, 99999),
(36, 2013, 17, 63, '2014-01-14 12:02:03', 19, 99999),
(37, 2013, 17, 64, '2014-01-14 12:02:03', 14, 99999),
(38, 2013, 17, 65, '2014-01-14 12:02:03', 17, 99999),
(39, 2013, 17, 66, '2014-01-14 12:02:03', 25, 99999),
(40, 2013, 17, 67, '2014-01-14 12:02:03', 15, 99999),
(41, 2013, 17, 68, '2014-01-14 12:02:03', 25, 99999),
(42, 2013, 17, 69, '2014-01-14 12:02:03', 1, 99999),
(43, 2013, 17, 70, '2014-01-14 12:02:03', 7, 99999),
(44, 2013, 17, 71, '2014-01-14 12:02:03', 40, 99999),
(45, 2013, 16, 52, '2014-01-14 12:04:46', 30, 99999),
(46, 2013, 16, 53, '2014-01-14 12:04:46', 17, 99999),
(47, 2013, 16, 54, '2014-01-14 12:04:46', 435, 99999),
(48, 2013, 16, 55, '2014-01-14 12:04:46', 15, 99999),
(49, 2013, 16, 56, '2014-01-14 12:04:46', 15, 99999),
(50, 2013, 16, 57, '2014-01-14 12:04:46', 1, 99999),
(51, 2013, 16, 58, '2014-01-14 12:04:46', 8, 99999),
(52, 2013, 16, 59, '2014-01-14 12:04:46', 35, 99999),
(53, 2013, 15, 40, '2014-01-14 12:05:30', 25, 99999),
(54, 2013, 15, 41, '2014-01-14 12:05:30', 19, 99999),
(55, 2013, 15, 42, '2014-01-14 12:05:30', 466, 99999),
(56, 2013, 15, 43, '2014-01-14 12:05:30', 18, 99999),
(57, 2013, 15, 44, '2014-01-14 12:05:30', 25, 99999),
(58, 2013, 15, 45, '2014-01-14 12:05:30', 13, 99999),
(59, 2013, 15, 46, '2014-01-14 12:05:30', 15, 99999),
(60, 2013, 15, 47, '2014-01-14 12:05:30', 23, 99999),
(61, 2013, 15, 48, '2014-01-14 12:05:30', 18, 99999),
(62, 2013, 15, 49, '2014-01-14 12:05:30', 1, 99999),
(63, 2013, 15, 50, '2014-01-14 12:05:30', 9, 99999),
(64, 2013, 15, 51, '2014-01-14 12:05:30', 40, 99999),
(65, 2013, 14, 23, '2014-01-14 12:46:08', 27.7, 99999),
(66, 2013, 14, 24, '2014-01-14 12:46:08', 400, 99999),
(67, 2013, 14, 25, '2014-01-14 12:46:08', 20, 99999),
(68, 2013, 14, 26, '2014-01-14 12:46:08', 13.5, 99999),
(69, 2013, 14, 27, '2014-01-14 12:46:08', 32, 99999),
(70, 2013, 14, 28, '2014-01-14 12:46:08', 1, 99999),
(71, 2013, 14, 29, '2014-01-14 12:46:08', 7, 99999),
(72, 2013, 14, 30, '2014-01-14 12:46:08', 35, 99999),
(73, 2013, 11, 31, '2014-01-14 15:00:42', 25, 99999),
(74, 2013, 11, 32, '2014-01-14 15:00:42', 475, 99999),
(75, 2013, 11, 33, '2014-01-14 15:00:42', 19, 99999),
(76, 2013, 11, 35, '2014-01-14 15:00:42', 17, 99999),
(77, 2013, 11, 36, '2014-01-14 15:00:42', 25, 99999),
(78, 2013, 11, 34, '2014-01-14 15:00:42', 14, 99999),
(79, 2013, 11, 37, '2014-01-14 15:00:42', 1, 99999),
(80, 2013, 11, 38, '2014-01-14 15:00:42', 8, 99999),
(81, 2013, 11, 39, '2014-01-14 15:00:42', 40, 99999),
(82, 2013, 9, 13, '2014-01-14 15:03:35', 27, 99999),
(83, 2013, 9, 14, '2014-01-14 15:03:35', 18, 99999),
(84, 2013, 9, 15, '2014-01-14 15:03:35', 469, 99999),
(85, 2013, 9, 16, '2014-01-14 15:03:35', 19, 99999),
(86, 2013, 9, 17, '2014-01-14 15:03:35', 19, 99999),
(87, 2013, 9, 18, '2014-01-14 15:03:35', 14, 99999),
(88, 2013, 9, 19, '2014-01-14 15:03:35', 33, 99999),
(89, 2013, 9, 20, '2014-01-14 15:03:35', 1, 99999),
(90, 2013, 9, 21, '2014-01-14 15:03:35', 9, 99999),
(91, 2013, 9, 22, '2014-01-14 15:03:35', 40, 99999),
(92, 2013, 2, 4, '2014-01-14 15:21:59', 25, 99999),
(93, 2013, 2, 5, '2014-01-14 15:21:59', 467, 99999),
(94, 2013, 2, 7, '2014-01-14 15:21:59', 17, 99999),
(95, 2013, 2, 8, '2014-01-14 15:21:59', 35, 99999),
(96, 2013, 2, 6, '2014-01-14 15:21:59', 14.29, 99999),
(97, 2013, 2, 9, '2014-01-14 15:21:59', 17, 99999),
(98, 2013, 2, 10, '2014-01-14 15:21:59', 1, 99999),
(99, 2013, 2, 11, '2014-01-14 15:21:59', 9, 99999),
(100, 2013, 2, 12, '2014-01-14 15:21:59', 39, 99999),
(101, 2013, 0, 26, '2014-01-21 12:58:20', 102, 99999),
(102, 2013, 0, 23, '2014-01-21 12:58:20', 71, 99999),
(103, 2013, 0, 33, '2014-01-21 12:58:20', 57, 99999),
(104, 2013, 0, 34, '2014-01-21 12:58:20', 269, 99999),
(105, 2013, 0, 24, '2014-01-21 12:58:20', 3178, 99999),
(106, 2013, 0, 22, '2014-01-21 12:58:20', 184.7, 99999),
(107, 2013, 0, 29, '2014-01-21 12:58:20', 108, 99999),
(108, 2013, 0, 30, '2014-01-21 12:58:20', 65, 99999),
(109, 2013, 0, 27, '2014-01-21 12:58:20', 97.79, 99999),
(110, 2013, 0, 31, '2014-01-21 12:58:20', 90, 99999),
(111, 2013, 0, 25, '2014-01-21 12:58:20', 37, 99999),
(112, 2013, 0, 32, '2014-01-21 12:58:20', 7, 99999),
(113, 2013, 0, 28, '2014-01-21 12:58:20', 66, 99999);

-- --------------------------------------------------------

--
-- Table structure for table `menu`
--

CREATE TABLE IF NOT EXISTS `menu` (
  `id` int(5) NOT NULL AUTO_INCREMENT,
  `name` varchar(256) DEFAULT NULL,
  `url` varchar(256) DEFAULT NULL,
  `order_no` int(11) NOT NULL,
  `icon` varchar(100) NOT NULL,
  `parent_id` int(5) DEFAULT NULL,
  `flag` int(1) NOT NULL DEFAULT '1',
  PRIMARY KEY (`id`)
) ENGINE=InnoDB  DEFAULT CHARSET=latin1 AUTO_INCREMENT=47 ;

--
-- Dumping data for table `menu`
--

INSERT INTO `menu` (`id`, `name`, `url`, `order_no`, `icon`, `parent_id`, `flag`) VALUES
(1, 'Dashboard', 'home', 0, 'icon-dashboard', 0, 1),
(2, 'Laporan', '#', 1, 'icon-bar-chart', 0, 1),
(3, 'Laporan KM Perusahaan', 'reports/performance', 4, '#', 2, 1),
(4, 'Laporan KM Unit', 'reports/unit', 5, '#', 2, 1),
(6, 'Referensi Strategi', '#', 3, 'icon-move', 0, 1),
(7, 'Sasaran Strategis', 'strategics/objectives', 0, '#', 6, 1),
(8, 'Tema Strategis', 'strategics/themes', 1, '#', 6, 1),
(9, 'Inisiatif Strategis', 'strategics/inisiatives', 2, '#', 6, 1),
(11, 'KPI dan Program Kerja', '#', 4, 'icon-folder-open', 0, 1),
(12, 'Daftar KPI', 'kpi', 0, '#', 11, 1),
(13, 'Daftar Program Kerja', 'kpi/program_kerja', 1, '#', 11, 1),
(14, 'Kontrak Manajemen', '#', 3, 'icon-signal', 0, 1),
(15, 'KM Perusahaan', 'measurements/forming', 1, '#', 14, 1),
(16, 'Realisasi Oleh Unit', 'measurements/realization', 4, '#', 14, 1),
(17, 'Realisasi Oleh Penilai', 'measurements/evaluator', 5, '#', 14, 1),
(18, 'Finalisasi Penilaian', 'finalisasi_km', 6, '#', 14, 1),
(19, 'Parameter', '#', 6, 'icon-wrench', 0, 1),
(20, 'Struktur Organisasi', 'organizations/all', 1, '#', 19, 1),
(21, 'Satuan', 'units', 2, '#', 19, 1),
(22, 'Daftar KPI Spesifik', 'kpi_spesifik', 5, '#', 9, 1),
(23, 'Unit Kerja', '#', 20, 'icon-home', 0, 1),
(24, 'Jenis Formula', 'formulas', 3, '#', 19, 1),
(25, 'Periode Input Realisasi', 'input_period', 6, '#', 19, 1),
(26, 'Pengaturan Pengguna', '#', 8, 'icon-group', 0, 1),
(27, 'Kelompok Pengguna', 'groups', 0, '#', 26, 1),
(28, 'Hak Akses Kelompok', 'roles', 1, '#', 26, 1),
(29, 'Pengguna', 'users', 3, '#', 26, 1),
(30, 'Help', '#', 10, 'icon-question-sign', 0, 1),
(31, 'User Guide', 'help/guide', 0, '#', 30, 1),
(32, 'FAQ', 'help/faq', 3, '#', 30, 1),
(33, 'Peta Strategi', 'strategics/maps', 1, '''''', 2, 1),
(34, 'Peta KPI', 'kpi/map', 2, '''''', 2, 1),
(35, 'Batas Penilaian', 'batas_penilaian', 4, '#', 19, 1),
(36, 'Distribusi KM', 'rkm', 2, '#', 14, 1),
(37, 'Data Pembanding', 'kompetitor', 9, '#', 14, 1),
(38, 'Tingkat Penilaian', 'parameter_level', 5, '#', 19, 1),
(40, 'KM Unit', 'measurements/km_unit', 3, '#', 14, 1),
(41, 'Aligment RKM', 'reports/rkm', 3, '#', 2, 1),
(42, 'Kontribusi Direktorat', 'reports/kontribusi_direktorat', 6, '#', 2, 1),
(43, 'Penyusunan RKM', 'penyusunan_rkm', 7, '#', 14, 1),
(44, 'Pelaksanaan RKM', 'pelaksanaan_rkm', 8, '#', 14, 1),
(45, 'Laporan RKM', 'laporan_rkm', 8, '#', 2, 1),
(46, 'Monitor Realisasi', 'monitor', 7, '#', 2, 1);

-- --------------------------------------------------------

--
-- Table structure for table `objectives`
--

CREATE TABLE IF NOT EXISTS `objectives` (
  `id` int(11) NOT NULL AUTO_INCREMENT,
  `name` varchar(255) NOT NULL,
  PRIMARY KEY (`id`)
) ENGINE=InnoDB  DEFAULT CHARSET=latin1 AUTO_INCREMENT=6 ;

--
-- Dumping data for table `objectives`
--

INSERT INTO `objectives` (`id`, `name`) VALUES
(1, 'EFISIEN – SAFETY - COST EFFECTIVENESS'),
(5, 'Good Governance');

-- --------------------------------------------------------

--
-- Table structure for table `organizations`
--

CREATE TABLE IF NOT EXISTS `organizations` (
  `id` int(5) NOT NULL AUTO_INCREMENT,
  `name` varchar(256) DEFAULT NULL,
  `order_no` int(11) NOT NULL,
  `parent_id` int(5) DEFAULT NULL,
  `official_name` varchar(255) NOT NULL,
  `nik` varchar(15) NOT NULL,
  `position` varchar(255) NOT NULL,
  `flag` int(1) NOT NULL DEFAULT '1',
  `alias` varchar(5) DEFAULT NULL,
  PRIMARY KEY (`id`)
) ENGINE=InnoDB  DEFAULT CHARSET=latin1 AUTO_INCREMENT=93 ;

--
-- Dumping data for table `organizations`
--

INSERT INTO `organizations` (`id`, `name`, `order_no`, `parent_id`, `official_name`, `nik`, `position`, `flag`, `alias`) VALUES
(2, '00. PRESIDEN DIRECTOR', 0, 0, '', '123', 'Ketua', 1, 'DU'),
(9, '01. AIR TRAFFIC MANAGEMENT DIRECTOR', 0, 2, '', '', '', 1, 'DM'),
(11, '02. AIR NAVIGATION FACILITIES DIRECTOR', 0, 2, '', '', '', 1, 'DT'),
(14, '03. SAFETY & STANDARD DIRECTOR', 0, 2, '', '', '', 1, 'DS'),
(15, '04. SERVICE DEVELOPMENT & IT DIRECTOR', 0, 2, '', '', '', 1, 'DI'),
(16, '05. FINANCE DIRECTOR', 0, 2, '', '', '', 1, 'DK'),
(17, '06. PERSONNEL & GENERAL AFFAIRS DIRECTOR', 0, 2, '', '', '', 1, 'DP'),
(18, '7.1 CORPORATE SECRETARY', 0, 92, '', '', '', 1, NULL),
(19, '7.2 HEAD OF INTERNAL AUDIT', 0, 92, '', '', '', 1, NULL),
(20, '7.3 HEAD OF PROCUREMENT', 0, 92, '', '', '', 1, NULL),
(21, '7.1.1 BOD SECRETARIAT & CORPORATE COMMUNICATION MANAGER', 0, 18, '', '', '', 1, NULL),
(22, '7.1.2 LEGAL & INSTITUTION RELATION MANAGER', 0, 18, '', '', '', 1, NULL),
(23, '7.2.1 AUDIT PLANNING & EVALUATION MANAGER', 0, 19, '', '', '', 1, NULL),
(24, '7.2.2 AUDIT IMPLEMENTATION MANAGER', 0, 19, '', '', '', 1, NULL),
(25, '7.3.1 PROCUREMENT ADMINISTRATION & CONTRACT MANAGER', 0, 20, '', '', '', 1, NULL),
(26, '7.3.2 PROCUREMENT IMPLEMENTATION MANAGER', 0, 20, '', '', '', 1, NULL),
(27, '1.1 ATS OPERATION SENIOR MANAGER', 0, 9, '', '', '', 1, NULL),
(28, '1.1.1 ACC MANAGER', 0, 27, '', '', '', 1, NULL),
(29, '1.1.2 APP / TMA MANAGER', 0, 27, '', '', '', 1, NULL),
(30, '1.1.3 ADC MANAGER', 0, 27, '', '', '', 1, NULL),
(31, '1.3.1 FSS MANAGER', 0, 36, '', '', '', 1, NULL),
(32, '1.2 ATFM & ATS SYSTEM SENIOR MANAGER', 0, 9, '', '', '', 1, NULL),
(33, '1.2.1 ATFM MANAGER', 0, 32, '', '', '', 1, NULL),
(34, '1.2.2 CDM MANAGER', 0, 32, '', '', '', 1, NULL),
(35, '1.2.3 ATS SYSTEM MANAGER', 0, 32, '', '', '', 1, NULL),
(36, '1.3 OPERATION SUPPORT SENIOR MANAGER', 0, 9, '', '', '', 1, NULL),
(37, '1.3.2 AIS MANAGER', 0, 36, '', '', '', 1, NULL),
(38, '1.3.3 COMMUNICATI ON NETWORK MANAGER', 0, 36, '', '', '', 1, NULL),
(39, '1.3.4 PRODUCTION DATA MANAGER', 0, 36, '', '', '', 1, NULL),
(40, '2.1 CNS & ATS SYSTEM FACILITIES READINESS SENIOR MANAGER', 0, 11, '', '', '', 1, NULL),
(41, '2.1.1 COMMUNICATI ON FACILITIES READINESS MANAGER', 0, 40, '', '', '', 1, NULL),
(42, '2.1.2 NAVIGATION & SURVEILLANCE FACILITIES READINESS MANAGER', 0, 40, '', '', '', 1, NULL),
(43, '2.1.3 ATS SYSTEM FACILITIES READINESS MANAGER', 0, 40, '', '', '', 1, NULL),
(44, '2.2 AIM FACILITIES READINESS & AERONAUTICAL DATA NETWORK SENIOR MANAGER', 0, 11, '', '', '', 1, NULL),
(45, '2.2.1 AIM FACILITIES READINESS MANAGER', 0, 44, '', '', '', 1, NULL),
(46, '2.2.2 AERONAUTICAL DATA NETWORK MANAGER', 0, 44, '', '', '', 1, NULL),
(47, '2.3 ENGINEERING SUPPORT SYSTEM SENIOR MANAGER', 0, 11, '', '', '', 1, NULL),
(48, '2.3.1 ENERGY CONTINUITY & ENVIRONMENT MANAGER', 0, 47, '', '', '', 1, NULL),
(49, '2.3.2 SECURITY SYSTEM & BUILDING MGMT MANAGER', 0, 47, '', '', '', 1, NULL),
(50, '3.1 SAFETY INFORMATION & INVESTIGATION MANAGEMENT SENIOR MANAGER', 0, 14, '', '', '', 1, NULL),
(51, '3.1.1 SAFETY INFORMATION & REPORTING SYSTEM MANAGER', 0, 50, '', '', '', 1, NULL),
(52, '3.1.2 ATS ACCIDENT & INCIDENT INVESTIGATIO N MANAGER', 0, 50, '', '', '', 1, NULL),
(53, '3.1.3 OPERATIONA L & SYSTEM RISK ANALYSIS', 0, 50, '', '', '', 1, NULL),
(54, '3.2 SAFETY & QUALITY ASSURANCE SENIOR MANAGER', 0, 14, '', '', '', 1, NULL),
(55, '3.2.1 SAFETY ASSURANCE, AUDIT & INSPECTION MANAGER', 0, 54, '', '', '', 1, NULL),
(56, '3.2.2 OPERATIONAL INTEGRITY & COMPLIANCE MANAGER', 0, 54, '', '', '', 1, NULL),
(57, '3.3 STANDARD, DESIGN & PROCEDURE MANAGEMENT SENIOR MANAGER', 0, 14, '', '', '', 1, NULL),
(58, '3.3.1 AIRSPACE STANDARD, DESIGN & PROCEDURE MANAGER', 0, 57, '', '', '', 1, NULL),
(59, '3.3.2 AERODROME STANDARD, DESIGN & PROCEDURE MANAGER', 0, 57, '', '', '', 1, NULL),
(60, '4.1 SERVICE DEVELOPMENT MANAGER', 0, 15, '', '', '', 1, NULL),
(61, '4.1.1 SERVICE PLANNING MANAGER', 0, 60, '', '', '', 1, NULL),
(62, '4.1.2 AIRSPACE DEVELOPMENT MANAGER', 0, 60, '', '', '', 1, NULL),
(63, '4.1.3 DATA, INFORMATIO N & EVALUATION MANAGER', 0, 60, '', '', '', 1, NULL),
(64, '4.2 CNS & ATS SYSTEM DEVELOPMENT SENIOR MANAGER', 0, 15, '', '', '', 1, NULL),
(65, '4.2.1 CNS DEVELOPMEN T MANAGER', 0, 64, '', '', '', 1, NULL),
(66, '4.2.2 AUTOMATION  DEVELOPMEN T MANAGER', 0, 64, '', '', '', 1, NULL),
(67, '4.2.3 QUALITY CONTROL MANAGER', 0, 64, '', '', '', 1, NULL),
(68, '4.3 INFORMATION TECHNOLOGY SENIOR MANAGER', 0, 15, '', '', '', 1, NULL),
(69, '4.3.1 IT PLANNING & SYSTEM DEVELOPMENT MANAGER', 0, 68, '', '', '', 1, NULL),
(70, '4.3.2 IT NETWORK & INFRASTRUC TURE MANAGER', 0, 68, '', '', '', 1, NULL),
(71, '4.3.3 IT OPERATION MANAGER', 0, 68, '', '', '', 1, NULL),
(72, '5.1 CORPORATE PLANNING & FINANCING SENIOR MANAGER', 0, 16, '', '', '', 1, NULL),
(73, '5.1.1 CORPORATE PLANNING MANAGER', 0, 72, '', '', '', 1, NULL),
(74, '5.1.1 CORPORATE FINANCING MANAGER', 0, 72, '', '', '', 1, NULL),
(75, '5.2 FINANCIAL ACCOUNTING & TRANSACTIONS SENIOR MANAGER', 0, 16, '', '', '', 1, NULL),
(76, '5.2.1 FINANCIAL TRANSACTIO NS MANAGER', 0, 75, '', '', '', 1, NULL),
(77, '5.2.2 FINANCIAL ACCOUNTING MANAGER', 0, 75, '', '', '', 1, NULL),
(78, '5.3 CORPORATE PERFORMANCE , ASSET & GCG MGMT SENIOR MANAGER', 0, 16, '', '', '', 1, NULL),
(79, '5.3.1 CORPORATE PERFORMANC E MANAGER', 0, 78, '', '', '', 1, NULL),
(80, '5.3.2 CORPORATE ASSET, GCG & RISK MANAGER', 0, 78, '', '', '', 1, NULL),
(81, '6.1 HR MGMT SYSTEM & PEOPLE PLANNING SENIOR MANAGER', 0, 17, '', '', '', 1, NULL),
(82, '6.1.1 ORGANIZATION & HR MGMT SYSTEM PLANNING MANAGER', 0, 81, '', '', '', 1, NULL),
(83, '6.1.2 PEOPLE PLANNING & INDUSTRIAL RELATION MANAGER', 0, 81, '', '', '', 1, NULL),
(84, '6.2 HR MGMT SYSTEM & PEOPLE ADMINISTRATI ON SENIOR MANAGER', 0, 17, '', '', '', 1, NULL),
(85, '6.2.1 PEOPLE DEVELOPMENT MANAGER', 0, 84, '', '', '', 1, NULL),
(86, '6.2.2 PERFORMANCE MANAGEMENT & REMUNERATIO N MANAGER', 0, 84, '', '', '', 1, NULL),
(87, '6.3 ADMINISTRATI ON & GENERAL AFFAIR SENIOR MANAGER', 0, 17, '', '', '', 1, NULL),
(88, '6.3.1 ADMINISTRATI ON MANAGER', 0, 87, '', '', '', 1, NULL),
(89, '6.3.2 GENERAL AFFAIR MANAGER', 0, 87, '', '', '', 1, NULL),
(90, '1.1.4 GENERAL MANAGER JATSC', 0, 27, '', '', '', 1, NULL),
(91, '1.1.5 UNIT COLLABORATOR', 0, 27, '', '', '', 1, NULL),
(92, '07. NON DIREKTORAT', 0, 2, '', '', '', 1, NULL);

-- --------------------------------------------------------

--
-- Table structure for table `parameter_level`
--

CREATE TABLE IF NOT EXISTS `parameter_level` (
  `id` int(11) NOT NULL AUTO_INCREMENT,
  `name` varchar(255) NOT NULL,
  `minimal` int(11) DEFAULT NULL,
  `maksimal` int(11) DEFAULT NULL,
  PRIMARY KEY (`id`)
) ENGINE=InnoDB  DEFAULT CHARSET=latin1 AUTO_INCREMENT=5 ;

--
-- Dumping data for table `parameter_level`
--

INSERT INTO `parameter_level` (`id`, `name`, `minimal`, `maksimal`) VALUES
(1, 'BAD', NULL, 60),
(2, 'POOR', 60, 90),
(3, 'GOOD', 90, 100),
(4, 'EXCELENCE', 100, NULL);

-- --------------------------------------------------------

--
-- Table structure for table `pelaksana_kpi`
--

CREATE TABLE IF NOT EXISTS `pelaksana_kpi` (
  `id` int(11) NOT NULL AUTO_INCREMENT,
  `periode` int(11) DEFAULT NULL,
  `kpi_id` int(11) DEFAULT NULL,
  `unit_id` int(11) DEFAULT NULL,
  `bobot` float DEFAULT NULL,
  PRIMARY KEY (`id`)
) ENGINE=InnoDB  DEFAULT CHARSET=latin1 AUTO_INCREMENT=93 ;

--
-- Dumping data for table `pelaksana_kpi`
--

INSERT INTO `pelaksana_kpi` (`id`, `periode`, `kpi_id`, `unit_id`, `bobot`) VALUES
(18, 2013, 22, 16, 14.29),
(19, 2013, 22, 2, 14.29),
(20, 2013, 22, 9, 14.29),
(21, 2013, 22, 11, 14.29),
(22, 2013, 22, 14, 14.29),
(23, 2013, 22, 15, 14.29),
(24, 2013, 22, 17, 14.29),
(25, 2013, 23, 16, 25),
(26, 2013, 23, 9, 25),
(27, 2013, 23, 15, 25),
(28, 2013, 23, 17, 25),
(29, 2013, 24, 2, 14.29),
(30, 2013, 24, 9, 14.29),
(31, 2013, 24, 11, 14.29),
(32, 2013, 24, 14, 14.29),
(33, 2013, 24, 15, 14.29),
(34, 2013, 24, 16, 14.29),
(35, 2013, 24, 17, 14.29),
(36, 2013, 25, 9, 50),
(37, 2013, 25, 15, 50),
(38, 2013, 26, 14, 20),
(39, 2013, 26, 9, 20),
(40, 2013, 26, 11, 20),
(41, 2013, 26, 17, 20),
(42, 2013, 26, 15, 20),
(43, 2013, 27, 2, 14.29),
(44, 2013, 27, 9, 14.29),
(45, 2013, 27, 11, 14.29),
(46, 2013, 27, 14, 14.29),
(47, 2013, 27, 15, 14.29),
(48, 2013, 27, 16, 14.29),
(49, 2013, 27, 17, 14.29),
(50, 2013, 28, 11, 25),
(51, 2013, 28, 17, 25),
(52, 2013, 28, 2, 25),
(53, 2013, 28, 15, 25),
(58, 2013, 29, 2, 25),
(59, 2013, 29, 11, 25),
(60, 2013, 29, 17, 25),
(61, 2013, 29, 15, 25),
(62, 2013, 30, 2, 25),
(63, 2013, 30, 15, 25),
(64, 2013, 30, 16, 25),
(65, 2013, 30, 17, 25),
(69, 2013, 31, 14, 33.33),
(70, 2013, 31, 17, 33.33),
(71, 2013, 31, 9, 33.34),
(72, 2013, 32, 2, 14.29),
(73, 2013, 32, 9, 14.29),
(74, 2013, 32, 11, 14.29),
(75, 2013, 32, 14, 14.29),
(76, 2013, 32, 15, 14.29),
(77, 2013, 32, 16, 14.29),
(78, 2013, 32, 17, 14.29),
(79, 2013, 33, 2, 14.29),
(80, 2013, 33, 9, 14.29),
(81, 2013, 33, 11, 14.29),
(82, 2013, 33, 14, 14.29),
(83, 2013, 33, 15, 14.29),
(84, 2013, 33, 16, 14.29),
(85, 2013, 33, 17, 14.29),
(86, 2013, 34, 2, 14.29),
(87, 2013, 34, 9, 14.29),
(88, 2013, 34, 11, 14.29),
(89, 2013, 34, 14, 14.29),
(90, 2013, 34, 15, 14.29),
(91, 2013, 34, 16, 14.29),
(92, 2013, 34, 17, 14.29);

-- --------------------------------------------------------

--
-- Table structure for table `pemilik_kpi`
--

CREATE TABLE IF NOT EXISTS `pemilik_kpi` (
  `id` int(11) NOT NULL AUTO_INCREMENT,
  `periode` int(11) DEFAULT NULL,
  `kpi_id` int(11) DEFAULT NULL,
  `unit_id` int(11) DEFAULT NULL,
  PRIMARY KEY (`id`)
) ENGINE=InnoDB  DEFAULT CHARSET=latin1 AUTO_INCREMENT=40 ;

--
-- Dumping data for table `pemilik_kpi`
--

INSERT INTO `pemilik_kpi` (`id`, `periode`, `kpi_id`, `unit_id`) VALUES
(16, 2013, 22, 16),
(17, 2013, 23, 16),
(18, 2013, 23, 9),
(19, 2013, 23, 15),
(20, 2013, 24, 16),
(21, 2013, 25, 9),
(22, 2013, 26, 14),
(23, 2013, 26, 9),
(24, 2013, 27, 16),
(25, 2013, 28, 11),
(26, 2013, 28, 17),
(31, 2013, 29, 11),
(32, 2013, 30, 15),
(36, 2013, 31, 17),
(37, 2013, 32, 16),
(38, 2013, 33, 16),
(39, 2013, 34, 16);

-- --------------------------------------------------------

--
-- Table structure for table `pendukung_kpi`
--

CREATE TABLE IF NOT EXISTS `pendukung_kpi` (
  `id` int(11) NOT NULL AUTO_INCREMENT,
  `periode` int(11) DEFAULT NULL,
  `kpi_id` int(11) DEFAULT NULL,
  `unit_parent_id` int(11) DEFAULT NULL,
  `unit_id` int(11) DEFAULT NULL,
  `bobot` float DEFAULT NULL,
  PRIMARY KEY (`id`)
) ENGINE=InnoDB  DEFAULT CHARSET=latin1 AUTO_INCREMENT=30 ;

--
-- Dumping data for table `pendukung_kpi`
--

INSERT INTO `pendukung_kpi` (`id`, `periode`, `kpi_id`, `unit_parent_id`, `unit_id`, `bobot`) VALUES
(15, 2013, 22, NULL, NULL, NULL),
(16, 2013, 23, NULL, NULL, NULL),
(17, 2013, 24, NULL, NULL, NULL),
(18, 2013, 25, NULL, NULL, NULL),
(19, 2013, 26, NULL, NULL, NULL),
(20, 2013, 27, NULL, NULL, NULL),
(21, 2013, 28, NULL, NULL, NULL),
(23, 2013, 29, NULL, NULL, NULL),
(24, 2013, 30, NULL, NULL, NULL),
(26, 2013, 31, NULL, NULL, NULL),
(27, 2013, 32, NULL, NULL, NULL),
(28, 2013, 33, NULL, NULL, NULL),
(29, 2013, 34, NULL, NULL, NULL);

-- --------------------------------------------------------

--
-- Table structure for table `perspectives`
--

CREATE TABLE IF NOT EXISTS `perspectives` (
  `id` int(11) NOT NULL AUTO_INCREMENT,
  `name` varchar(100) NOT NULL,
  `order_no` int(1) NOT NULL,
  PRIMARY KEY (`id`)
) ENGINE=InnoDB  DEFAULT CHARSET=latin1 AUTO_INCREMENT=6 ;

--
-- Dumping data for table `perspectives`
--

INSERT INTO `perspectives` (`id`, `name`, `order_no`) VALUES
(1, '7.1 Efektivitas Produk dan Proses', 3),
(2, '7.2 Pelanggan / Customer', 2),
(3, '7.3 Fokus Tenaga Kerja', 4),
(4, '7.4 Kepemimpinan, Tata Kelola dan Tanggung Jawab Kemasyarakatan', 5),
(5, '7.5 Keuangan dan Pasar', 1);

-- --------------------------------------------------------

--
-- Table structure for table `pkpm`
--

CREATE TABLE IF NOT EXISTS `pkpm` (
  `id` int(11) NOT NULL DEFAULT '0',
  `date_start` date NOT NULL,
  `date_end` date NOT NULL,
  `description` varchar(255) NOT NULL,
  `order_no` int(11) NOT NULL,
  `realisasi_org` float NOT NULL,
  `pencapaian_org` float NOT NULL,
  `prestasi_org` float NOT NULL,
  `realisasi_penilai` float NOT NULL,
  `pencapaian_penilai` float NOT NULL,
  `prestasi_penilai` float NOT NULL,
  `kpi_id` int(11) NOT NULL,
  `organization_id` int(11) NOT NULL,
  `periode` int(11) NOT NULL
) ENGINE=InnoDB DEFAULT CHARSET=latin1;

-- --------------------------------------------------------

--
-- Table structure for table `program_kerja`
--

CREATE TABLE IF NOT EXISTS `program_kerja` (
  `id` int(11) NOT NULL AUTO_INCREMENT,
  `program_kerja` varchar(255) NOT NULL,
  `keterangan` varchar(255) NOT NULL,
  `file_url` varchar(255) NOT NULL,
  `kpi_id` int(11) NOT NULL,
  `organization_id` int(11) NOT NULL,
  `flag` int(11) DEFAULT '1',
  PRIMARY KEY (`id`)
) ENGINE=InnoDB  DEFAULT CHARSET=latin1 AUTO_INCREMENT=109 ;

--
-- Dumping data for table `program_kerja`
--

INSERT INTO `program_kerja` (`id`, `program_kerja`, `keterangan`, `file_url`, `kpi_id`, `organization_id`, `flag`) VALUES
(3, 'Melakukan penagihan terpusat dan memproses pengalihan penagihan PJP dan lintas udara', 'a. Menyusun Tim kerja\nb. Tim  mengembangkan Billing system Tahap I (AP I, AP II)\nc. Melakukan sosialisasi ke airlines dan cabang\nd. Melakukan pencetakan dan pengiriman faktur tagihan\n', '', 0, 16, 1),
(4, 'Mengkoordinasi penyusunan RKAP 2013', 'a.menyiapkan draft kontrak manajemen\nb.mengkoordinasikan dgn seluruh direksi\nc. Rekapitulasi draft kontrak manajemen\nd. Pelaksanaan RPB', '', 34, 16, 1),
(5, 'Menangani  pengalihan asset yg berasal dr AP1, AP2 dan UPT', 'a. pembentukan tim pengalihan aset\nb. menunjuk konsultan\nc. pembuatan rencana kerja tim\nd. proses pengalihan aset\ne. dokumentasi pengalihan aset', '', 34, 0, 1),
(6, 'Menangani  pengalihan asset yg berasal dr AP1, AP2 dan UPT', 'a. pembentukan tim pengalihan aset\nb. menunjuk konsultan\nc. pembuatan rencana kerja tim\nd. proses pengalihan aset\ne. dokumentasi pengalihan aset', '', 34, 16, 1),
(7, 'Menyusun Pedoman Akuntansi Perusahaan dan sistem informasi akuntansi Perusahaan', 'a. penunjukkan konsultan\nb. penyusunan pedoman\nc. Instalasi aplikasi\nd. Workshop penggunaan pedoman akuntansi', '', 33, 16, 1),
(8, 'Mengkordinir penyusunan KPI dan  Kontrak Manajemen', 'a.menyiapkan draft kontrak manajemen\nb.mengkoordinasikan dgn seluruh direksi\nc. Rekapitulasi draft kontrak manajemen\nd. Pelaksanaan RPB', '', 34, 16, 1),
(9, 'Menginventarisir  kebutuhan Investasi tahun 2013 (pengalihan dari AP1 dan AP2 serta investasi baru dr LPPNPI)', 'a. identifikasi rencana investasi dr RKAP AP1 dan AP2\nb. Klarifikasi ke AP1 dan AP2 mengenai status project\nc. Menyusun skala prioritas investasi\nd. Rapat-rapat koordinasi', '', 28, 16, 1),
(10, 'Melakukan review oleh BPKP  thp aset-aset pengalihan dari AP1 dan AP2 ', 'a. Menyusun tim review\nb. Koordinasi dgn tim eksternal\nc. Pelaksanaan review ke cabang2', '', 28, 16, 1),
(11, 'Menyusun laporan Pajak', 'a. penunjukkan konsultan pajak\nb. penyusunan laporan', '', 33, 16, 1),
(12, 'Mengkoordinir penyusunan RKM', 'a. Penyusunan worksheet\nb. Penyusunan RKM direktorat\nc. Rapat Alignment RKM\nd. Rekap RKM dan pencetakan buku RKM', '', 34, 16, 1),
(13, 'Mengkordinir penyusunan RJPP', 'a. menyusun tim RJPP\nb. menunjuk konsultan manajemen\nc. penyusunan RJPP', '', 33, 16, 1),
(14, 'Mengkoordinir penyusunan RKAP 2014', 'a. menyiapkan worksheet dan workplan\nb. menyusun RKA masing2 unit\nc. raker RKA\nd. kompilasi RKA dan penyusunan buku RKAP', '', 34, 16, 1),
(15, 'Menyusun sistem pengendalian kinerja korporasi', 'a. Penyusunan bisnis proses pengendalian kinerja\nb. Pengembangan aplikasi sistem \nc. Implementasi ', '', 33, 16, 1),
(16, 'Menyusun rencana program financing', 'a. menunjuk financial advisor\nb. penyusunan kajian financing\nc. pemilihan alternatif financing', '', 27, 16, 1),
(17, 'Menyiapkan kelengkapan administrasi perusahaan', 'a. pembukaan rekening koran\nb. pembuatan NPWP, PKP, faktur pajak\nc. pengurusan Surat keterangan Domisili', '', 27, 16, 1),
(18, 'Menyusun pedoman penyusunan RKAP', 'a. Melakukan penunjukkan konsultan\nb. Penyusunan pedoman\n', '', 27, 16, 1),
(19, 'Menyusun pedoman GCG', '', '', 33, 16, 1),
(20, 'Menyusun pedoman GCG', 'Pedoman good corporate governance', '', 33, 16, 1),
(21, 'Menyusun KPI manajemen dan Kontrak Manajemen ', '', '', 34, 16, 1),
(22, 'Menyusun rencana program pembiayaan ', '', '', 28, 16, 1),
(23, 'Merencanakan studi banding ke ANSP luar negeri dalam hal pengelolaan keuangan dan pendapatan', '', '', 27, 16, 1),
(24, 'Merencanakan studi banding ke ANSP luar negeri dalam hal pengelolaan keuangan dan pendapatan', '', '', 27, 16, 1),
(25, 'Mengembangkan kemampuan SDM melalui keikutsertaan dlm training profesi bidang\nrisk management, corporate strategy, GCG, dan pajak.\n', '', '', 33, 16, 1),
(26, 'Penetapan Organisasi dan Tata Kerja Kantor Pusat', '', '', 27, 17, 1),
(27, 'Assessment calon pejabat yang akan mengisi formasi struktur organisasi', '', '', 30, 17, 1),
(28, 'Pengalihan SDM PT Angkasa Pura 1 dan PT Angkasa Pura 2 ke Perum LPPNPI', '', '', 30, 17, 1),
(29, 'Pengalihan SDM PNS-DPB teknisi penerbangan ke Perum LPPNPI', '', '', 30, 17, 1),
(30, 'Rekrutmen Lulusan ATC Non-Diploma', '', '', 30, 17, 1),
(31, 'Rekrutmen Lulusan ATC Non-Diploma', 'Penunjukan  Koordinator  Unit  Sementara  di  wilayah  kerja Perum LPPNPI  (25 Bandara)', '', 30, 17, 1),
(32, 'Penunjukan Koordinator Unit Sementara di wilayah kerja Perum LPPNPI (25 Bandara)', '', '', 30, 17, 1),
(33, 'Penetapan Struktur Organisasi Perum LPPNPI di seluruh Bandara ', '', '', 30, 17, 1),
(34, 'Pengangkatan Pegawai Perum LPPNPI', '', '', 30, 17, 1),
(35, 'Rekrutmen Lulusan Lembaga Diklat (STPI, ATKP)', '', '', 30, 17, 1),
(36, 'Penyusunan roadmap SDM', '', '', 30, 17, 1),
(37, 'Pelaksanaan Diklat Mandatory', '', '', 30, 17, 1),
(38, 'Implementasi Human Capital Information System &#40;HCIS&#41;', '', '', 30, 17, 1),
(39, 'Pengadaan Kendaraan Operasional PPNPI di Bandara-bandara dan Kantor Pusat (34 unit)', '', '', 28, 17, 1),
(40, 'Pengadaan dan pemasangan UPS 15 KVA di Bandara Frans Kaisiepo Biak', '', '', 29, 11, 1),
(41, 'Pengadaan dan pemasangan VHF Portable di  Surabaya (1 unit), Manado (2 unit), Palembang (2 unit), Banda Aceh (1 unit) dan Biak (1 unit).', '', '', 29, 11, 1),
(42, 'Pengadaan dan pemasangan Voice Recording 32 Ch di Bandara Adisumarmo Solo ', '', '', 29, 11, 1),
(43, 'Pengadaan dan Pemasangan Kabel Kontrol 2100 meter di Bandara Frans Kaisiepo\nBiak.\n', '', '', 29, 11, 1),
(44, 'Pengadaan Headset di Bandara Surabaya (85 unit), Palembang (40 unit), Pangkal Pinang (20 unit)\n\n', '', '', 29, 11, 1),
(45, 'Pengadaan Binocullar untuk Bandara Surabaya (1 unit), Bandara Pangkal Pinang (2 unit), JATSC (2 unit)\n\n', '', '', 29, 11, 1),
(46, 'Pengadaan dan Pemasangan ACOS di BSH\n\n', '', '', 29, 11, 1),
(47, 'Mengadakan Penggantian peralatan Voice Recorder dan Replay System di MATSC\n\n', '', '', 29, 11, 1),
(48, 'Penggantian Genset kapasitas 150 kVA di Lokasi Stasiun TX PAI di Makassar\n\n', '', '', 29, 11, 1),
(49, 'Mengadakan Pekerjaan Upgrade ATC system Eurocat-X di MATSC Tarakan (multi years).\n\n', '', '', 29, 11, 1),
(50, 'Mengadakan Penggantian Peralatan VHF ER 100 Watt Balikpapan dan Tarakan (multi years).\n\n', '', '', 29, 11, 1),
(51, 'Mengadakan peralatan MSSR Mode-S dan ATC System di Adi Sutjipto - Jogjakarta\n(multi years).\n\n\n', '', '', 29, 11, 1),
(52, 'Mengadakan peralatan ILS di El Tari - Kupang (multi years).\n\n', '', '', 29, 11, 1),
(53, 'Mengadakan peralatan DVOR/DME di Bandara Ahmad Yani - Semarang (multi years).\n\n', '', '', 29, 11, 1),
(54, 'Mengadakan peralatan  VCSS di Pattimura - Ambon Tarakan (multi years)\n\n', '', '', 29, 11, 1),
(55, 'Mengadakan peralatan AMSC di El Tari - Kupang  (multi years).\n\n', '', '', 29, 11, 1),
(56, 'Pengawasan 34 Program Investasi yang dikerjakan oleh Angkasa Pura I\n\n', '', '', 28, 11, 1),
(57, 'Pengawasan 24 Program Investasi yang dikerjakan oleh Angkasa Pura II\n\n', '', '', 28, 11, 1),
(58, 'Mengadakan safety assessment terhadap prosedur, sistem dan peralatan baru\n\n', '', '', 26, 14, 1),
(59, 'Melakukan safety audit ke 26 kantor cabang\n\n', '', '', 26, 14, 1),
(60, 'Melakukan sertifikasi penyelenggara pelayanan lalu lintas penerbangan untuk JATSC, MATSC dan Cabang Kualanamu\n\n', '', '', 26, 14, 1),
(61, 'Menyusun profil risiko korporat\n', '', '', 26, 14, 1),
(62, 'Menyusun SMS Manual Korporasi\n', '', '', 33, 14, 1),
(63, 'Melakukan sertifikasi penyelenggara pelayanan telekomunikasi penerbangan cabang Kualanamu\n\n', '', '', 26, 14, 1),
(64, 'Menyiapkan materi & bahan ajar tentang RNAV 1 serta menyewa ATC simulator\n\n', '', '', 27, 14, 1),
(65, 'Merencanakan  dan  pembuatan  MVA  prosedur  untuk  bandara  Ngurah  Rai  Bali, Balikpapan.\n', '', '', 27, 14, 1),
(66, 'Melakukan publikasi & implementasi MVRA MES, CGK, PNK, TNJ, PKU, PLM', '', '', 27, 14, 1),
(67, 'Membuat RNAV SID/STAR SUB, UPG, BPN', '', '', 27, 14, 1),
(68, 'Validasi license dan rating untuk 26 kantor cabang distribusi pelaporan keselamatan\n(mandatory & voluntary report serta difficulties dan readiness equipment)\n', '', '', 26, 14, 1),
(69, 'Membuat dan mencetak form pelaporan keselamatan ', '', '', 26, 14, 1),
(70, 'Menetapkan investigator kantor cabang', '', '', 26, 14, 1),
(71, 'Membuat kebijakan dan strategi pengelolaan ATS accident/incident investigation', '', '', 26, 14, 1),
(72, 'Membuat format pelaporan keselamatan berbasis web.', '', '', 27, 14, 1),
(73, 'Menyelenggarakan pelatihan bagi personil safety di kantor cabang', '', '', 26, 14, 1),
(74, 'Membuat standardisasi investigasi dan pelaporan.', '', '', 32, 14, 1),
(75, 'Melaksanakan investigasi atas accident dan serius incident serta pendampingan KNKT', '', '', 32, 14, 1),
(76, 'Melakukan survey tingkat safety maturity AirNav', '', '', 26, 14, 1),
(77, 'Melakukan evaluasi SID/STAR dan VFR route pada 10 cabang', '', '', 26, 14, 1),
(78, 'Pembuatan standard metode airspace capacity', '', '', 26, 14, 1),
(79, 'Penyiapan  kesepakatan  bersama  antara  LPPNPI  dgn  BMKG  tentang  pelayanan informasi meteorologi penerbangan', '', '', 27, 14, 1),
(80, 'Melaksanakan safety enhancement program\n\n', '', '', 27, 14, 1),
(81, 'Penyediaan  library  dokumen  standard  peraturan    penerbangan  sipil  nasional  yang berkelanjutan\n\n', '', '', 27, 14, 1),
(82, 'Berlangganan AIP Indonesia untuk setiap ATS Unit\n\n', '', '', 29, 14, 1),
(83, 'Berlangganan ICAO annex dan document\n\n', '', '', 27, 14, 1),
(84, 'Harmonisasi program dan kegiatan keselamatan dengan ASA dan ITSAP\n\n', '', '', 27, 14, 1),
(85, 'Perencanaan pelayanan ruang udara (penyusunan roadmap / pengembangan pelayanan\nAirNav Indonesia selama 5 tahun)\n\n\n', '', '', 27, 15, 1),
(86, 'Penambahan workstation E-JAATS guna mendukung restrukturisasi ruang udara FIR Jakarta tahap pertama.\n\n\n', '', '', 27, 15, 1),
(87, 'Pengembangan pelayanan :\n•     Jasa konsultan survey & evaluasi pemenuhan fasilitas CNS FIR Jakarta dan UjungPandang.\n•     Evaluasi implementasi RNAV 1 Jakarta\n•     Evaluasi ATS system wilayah barat (Jakarta)\n•     Evaluasi ATS system wilayah timur (Mak', '', '', 29, 15, 1),
(88, 'Pengembangan system &#40;peningkatan teknologi&#41;\n•     Evaluasi sistem otomasi MATSC\n•     Pemindahan workstation E-JAATS ke console', '', '', 29, 15, 1),
(89, 'Jasa konsultan penyusunan dokumen masterplan sistem IT perusahaan yang terintegrasi\n& SID jaringan listrik\n', '', '', 32, 15, 1),
(90, 'Pengembangan situs web perusahaan', '', '', 27, 15, 1),
(91, 'Program supporting data JAATS-BION', '', '', 29, 15, 1),
(92, 'Penyediaan langganan internet network kapasitas 4 MB.', '', '', 29, 15, 1),
(93, 'Melakukan persiapan ATS operation APEC Bali', '', '', 29, 9, 1),
(94, 'Review SOP terkait restrukturisasi FIR Jakarta dan Ujung Pandang', '', '', 32, 9, 1),
(95, 'Melakukan pengoperasian penuh sektor Bali APP dan Surabaya APP', '', '', 29, 9, 1),
(96, 'Melaksanakan Rakor bidang ATS dan Stakeholder Voice Meeting', '', '', 27, 9, 1),
(97, 'Sosialisasi prosedur pelaporan', '', '', 27, 9, 1),
(98, 'ATS operation Kualanamu', '', '', 29, 9, 1),
(99, 'Penyusunan concept of operation dan benchmarking national ATFM Centre & ATFM sub-system\n', '', '', 32, 9, 1),
(100, 'Rakor Air Navigation Plan dengan IATA\n', '', '', 32, 9, 1),
(101, 'Program tindak lanjut global ATFM Conference (Indonesia sebagai ATFM information centre).', '', '', 27, 9, 1),
(102, 'Membuat URS (user requirement specification) upgrade ATC system MATSC, Bali dan Surabaya.', '', '', 28, 9, 1),
(103, 'Melaksanakan implementasi ADS/CPDLC di Jakarta FIR', '', '', 28, 9, 1),
(104, 'Rakor interdep  kesiapan operasional di sektor ABC', '', '', 27, 9, 1),
(105, 'Melakukan AIDC full operation MATSC-Kinabalu ACC dan MATSC - BPN\n\n', '', '', 29, 9, 1),
(106, 'Melaksanakan persiapan pengembangan internet Briefing Office\n\n', '', '', 28, 9, 1),
(107, 'Melakukan realignment Location Indicator dan PDAI\n\n', '', '', 27, 9, 1),
(108, 'Penerapan restrukturisasi ruang udara Jakarta FIR tahap pertama (upper Semarang, Jogja, Palembang dan Kalimantan)\n\n', '', '', 27, 9, 1);

-- --------------------------------------------------------

--
-- Table structure for table `progress`
--

CREATE TABLE IF NOT EXISTS `progress` (
  `id` int(3) NOT NULL AUTO_INCREMENT,
  `keterangan` varchar(256) DEFAULT NULL,
  PRIMARY KEY (`id`)
) ENGINE=InnoDB  DEFAULT CHARSET=latin1 AUTO_INCREMENT=4 ;

--
-- Dumping data for table `progress`
--

INSERT INTO `progress` (`id`, `keterangan`) VALUES
(1, 'Not Started'),
(2, 'On Progress'),
(3, 'Done');

-- --------------------------------------------------------

--
-- Table structure for table `rencana_kerja`
--

CREATE TABLE IF NOT EXISTS `rencana_kerja` (
  `id` int(5) NOT NULL AUTO_INCREMENT,
  `periode` int(5) DEFAULT NULL,
  `unit_id` int(11) DEFAULT NULL,
  `order_no` int(3) DEFAULT NULL,
  `program_kerja_id` int(11) DEFAULT NULL,
  `progress_id` int(3) DEFAULT NULL,
  `keterangan` varchar(2048) DEFAULT NULL,
  PRIMARY KEY (`id`)
) ENGINE=InnoDB  DEFAULT CHARSET=latin1 AUTO_INCREMENT=112 ;

--
-- Dumping data for table `rencana_kerja`
--

INSERT INTO `rencana_kerja` (`id`, `periode`, `unit_id`, `order_no`, `program_kerja_id`, `progress_id`, `keterangan`) VALUES
(12, 2013, 16, NULL, 9, 1, 'a. identifikasi rencana investasi dr RKAP AP1 dan AP2\nb. Klarifikasi ke AP1 dan AP2 mengenai status project\nc. Menyusun skala prioritas investasi\nd. Rapat-rapat koordinasi'),
(13, 2013, 16, NULL, 18, 2, 'a. Melakukan penunjukkan konsultan\nb. Penyusunan pedoman\n'),
(14, 2013, 16, NULL, 16, 3, 'a. menunjuk financial advisor\nb. penyusunan kajian financing\nc. pemilihan alternatif financing'),
(15, 2013, 16, NULL, 14, 1, 'a. menyiapkan worksheet dan workplan\nb. menyusun RKA masing2 unit\nc. raker RKA\nd. kompilasi RKA dan penyusunan buku RKAP'),
(16, 2013, 16, NULL, 3, 3, 'a. Menyusun Tim kerja\nb. Tim  mengembangkan Billing system Tahap I (AP I, AP II)\nc. Melakukan sosialisasi ke airlines dan cabang\nd. Melakukan pencetakan dan pengiriman faktur tagihan\n'),
(17, 2013, 16, NULL, 10, 1, 'a. Menyusun tim review\nb. Koordinasi dgn tim eksternal\nc. Pelaksanaan review ke cabang2'),
(18, 2013, 16, NULL, 13, 1, 'a. menyusun tim RJPP\nb. menunjuk konsultan manajemen\nc. penyusunan RJPP'),
(19, 2013, 16, NULL, 5, 2, 'a. pembentukan tim pengalihan aset\nb. menunjuk konsultan\nc. pembuatan rencana kerja tim\nd. proses pengalihan aset\ne. dokumentasi pengalihan aset'),
(20, 2013, 16, NULL, 6, 2, 'a. pembentukan tim pengalihan aset\nb. menunjuk konsultan\nc. pembuatan rencana kerja tim\nd. proses pengalihan aset\ne. dokumentasi pengalihan aset'),
(21, 2013, 16, NULL, 17, 2, 'a. pembukaan rekening koran\nb. pembuatan NPWP, PKP, faktur pajak\nc. pengurusan Surat keterangan Domisili'),
(22, 2013, 16, NULL, 15, 2, 'a. Penyusunan bisnis proses pengendalian kinerja\nb. Pengembangan aplikasi sistem \nc. Implementasi '),
(23, 2013, 16, NULL, 12, 1, 'a. Penyusunan worksheet\nb. Penyusunan RKM direktorat\nc. Rapat Alignment RKM\nd. Rekap RKM dan pencetakan buku RKM'),
(24, 2013, 16, NULL, 4, 1, 'a.menyiapkan draft kontrak manajemen\nb.mengkoordinasikan dgn seluruh direksi\nc. Rekapitulasi draft kontrak manajemen\nd. Pelaksanaan RPB'),
(25, 2013, 16, NULL, 8, 3, 'a.menyiapkan draft kontrak manajemen\nb.mengkoordinasikan dgn seluruh direksi\nc. Rekapitulasi draft kontrak manajemen\nd. Pelaksanaan RPB'),
(26, 2013, 9, NULL, 27, 1, ''),
(27, 2013, 9, NULL, 98, 2, ''),
(29, 2013, 17, NULL, 26, 1, ''),
(30, 2013, 17, NULL, 27, 1, ''),
(31, 2013, 17, NULL, 28, 1, ''),
(32, 2013, 17, NULL, 29, 2, ''),
(33, 2013, 17, NULL, 30, 2, ''),
(34, 2013, 17, NULL, 31, 2, 'Penunjukan  Koordinator  Unit  Sementara  di  wilayah  kerja Perum LPPNPI  (25 Bandara)'),
(35, 2013, 17, NULL, 32, 3, ''),
(36, 2013, 17, NULL, 33, 3, ''),
(37, 2013, 17, NULL, 34, 3, ''),
(39, 2013, 17, NULL, 35, 2, ''),
(40, 2013, 17, NULL, 36, 2, ''),
(41, 2013, 17, NULL, 37, 2, ''),
(42, 2013, 17, NULL, 38, 1, ''),
(43, 2013, 17, NULL, 39, 1, ''),
(44, 2013, 11, NULL, 40, 2, ''),
(45, 2013, 11, NULL, 41, 2, ''),
(46, 2013, 11, NULL, 42, 2, ''),
(47, 2013, 11, NULL, 43, 1, ''),
(48, 2013, 11, NULL, 44, 1, ''),
(49, 2013, 11, NULL, 45, 1, ''),
(50, 2013, 11, NULL, 46, 2, ''),
(51, 2013, 11, NULL, 47, 2, ''),
(52, 2013, 11, NULL, 48, 2, ''),
(53, 2013, 11, NULL, 49, 3, ''),
(54, 2013, 11, NULL, 50, 3, ''),
(55, 2013, 11, NULL, 51, 3, ''),
(56, 2013, 11, NULL, 52, 2, ''),
(57, 2013, 11, NULL, 53, 2, ''),
(58, 2013, 11, NULL, 54, 2, ''),
(59, 2013, 11, NULL, 55, 1, ''),
(60, 2013, 11, NULL, 56, 1, ''),
(61, 2013, 11, NULL, 57, 1, ''),
(62, 2013, 14, NULL, 58, 1, ''),
(63, 2013, 14, NULL, 59, 1, ''),
(64, 2013, 14, NULL, 60, 2, ''),
(65, 2013, 14, NULL, 61, 2, ''),
(66, 2013, 14, NULL, 62, 3, ''),
(67, 2013, 14, NULL, 63, 3, ''),
(68, 2013, 14, NULL, 64, 2, ''),
(69, 2013, 14, NULL, 65, 2, ''),
(70, 2013, 14, NULL, 66, 1, ''),
(71, 2013, 14, NULL, 67, 1, ''),
(72, 2013, 14, NULL, 68, 2, ''),
(73, 2013, 14, NULL, 69, 2, ''),
(74, 2013, 14, NULL, 70, 3, ''),
(75, 2013, 14, NULL, 71, 3, ''),
(76, 2013, 14, NULL, 72, 2, ''),
(77, 2013, 14, NULL, 73, 2, ''),
(78, 2013, 14, NULL, 74, 1, ''),
(79, 2013, 14, NULL, 75, 1, ''),
(80, 2013, 14, NULL, 76, 2, ''),
(81, 2013, 14, NULL, 77, 2, ''),
(82, 2013, 14, NULL, 78, 3, ''),
(83, 2013, 14, NULL, 79, 3, ''),
(84, 2013, 14, NULL, 80, 2, ''),
(85, 2013, 14, NULL, 81, 2, ''),
(86, 2013, 14, NULL, 82, 1, ''),
(87, 2013, 14, NULL, 83, 1, ''),
(88, 2013, 14, NULL, 84, 2, ''),
(89, 2013, 15, NULL, 85, 1, ''),
(90, 2013, 15, NULL, 86, 2, ''),
(91, 2013, 15, NULL, 87, 3, ''),
(92, 2013, 15, NULL, 88, 2, ''),
(93, 2013, 15, NULL, 89, 1, ''),
(94, 2013, 15, NULL, 90, 2, ''),
(95, 2013, 15, NULL, 91, 3, ''),
(96, 2013, 15, NULL, 92, 2, ''),
(97, 2013, 9, NULL, 93, 2, ''),
(98, 2013, 9, NULL, 94, 2, ''),
(99, 2013, 9, NULL, 95, 2, ''),
(100, 2013, 9, NULL, 96, 3, ''),
(101, 2013, 9, NULL, 97, 3, ''),
(102, 2013, 9, NULL, 99, 3, ''),
(103, 2013, 9, NULL, 100, 3, ''),
(104, 2013, 9, NULL, 101, 2, ''),
(105, 2013, 9, NULL, 102, 1, ''),
(106, 2013, 9, NULL, 103, 1, ''),
(107, 2013, 9, NULL, 104, 1, ''),
(108, 2013, 9, NULL, 105, 1, ''),
(109, 2013, 9, NULL, 106, 2, ''),
(110, 2013, 9, NULL, 107, 3, ''),
(111, 2013, 9, NULL, 108, 3, '');

-- --------------------------------------------------------

--
-- Table structure for table `rkap`
--

CREATE TABLE IF NOT EXISTS `rkap` (
  `id` int(11) NOT NULL AUTO_INCREMENT,
  `rencana_pelaksanaan` varchar(50) NOT NULL,
  `keterangan` text NOT NULL,
  `order_no` int(11) NOT NULL,
  `program_kerja_id` int(11) NOT NULL,
  `kpi_id` int(11) NOT NULL,
  `organization_id` int(11) NOT NULL,
  PRIMARY KEY (`id`)
) ENGINE=InnoDB  DEFAULT CHARSET=latin1 AUTO_INCREMENT=66 ;

--
-- Dumping data for table `rkap`
--

INSERT INTO `rkap` (`id`, `rencana_pelaksanaan`, `keterangan`, `order_no`, `program_kerja_id`, `kpi_id`, `organization_id`) VALUES
(61, '12/07/2013 - 12/12/2013', 'Keterangan', 1, 0, 7, 2),
(62, '12/07/2013 - 12/10/2013', 'Testing', 1, 0, 7, 9),
(63, '', '', 0, 0, 7, 77),
(64, '', '', 0, 0, 7, 35),
(65, '', '', 0, 0, 7, 19);

-- --------------------------------------------------------

--
-- Table structure for table `scores`
--

CREATE TABLE IF NOT EXISTS `scores` (
  `id` int(11) NOT NULL DEFAULT '0',
  `name` varchar(255) NOT NULL,
  `description` varchar(100) NOT NULL
) ENGINE=InnoDB DEFAULT CHARSET=latin1;

--
-- Dumping data for table `scores`
--

INSERT INTO `scores` (`id`, `name`, `description`) VALUES
(1, 'F1 (Hitung Lurus)', '100 + ((( relisasi - target ) / target ) x 100 )'),
(2, 'F2 (Hitung Terbalik)', '100 + ((( target - relisasi ) / target ) x 100 )'),
(3, 'F3 (Hitung Tanggal)', '100 + ((( target - relisasi ) / konstanta_tanggal ) x 100 )'),
(4, 'F4 (Hitung Konstanta Lurus)', '100 + (( relisasi - target ) x konstanta )'),
(5, 'F5 (Hitung Konstanta Terbalik)', '  100 + (( target - relisasi ) x konstanta )');

-- --------------------------------------------------------

--
-- Table structure for table `submission_schedule`
--

CREATE TABLE IF NOT EXISTS `submission_schedule` (
  `status` int(11) NOT NULL,
  `update_date` datetime NOT NULL,
  `update_by` varchar(200) NOT NULL
) ENGINE=InnoDB DEFAULT CHARSET=latin1;

--
-- Dumping data for table `submission_schedule`
--

INSERT INTO `submission_schedule` (`status`, `update_date`, `update_by`) VALUES
(0, '2014-01-13 10:25:35', '5');

-- --------------------------------------------------------

--
-- Table structure for table `tbl_company_structure`
--

CREATE TABLE IF NOT EXISTS `tbl_company_structure` (
  `id` int(5) NOT NULL AUTO_INCREMENT,
  `name` varchar(256) DEFAULT NULL,
  `order_no` int(11) NOT NULL,
  `parent_id` int(5) DEFAULT NULL,
  `official_name` varchar(255) NOT NULL,
  `nik` varchar(15) NOT NULL,
  `position` varchar(255) NOT NULL,
  PRIMARY KEY (`id`)
) ENGINE=InnoDB  DEFAULT CHARSET=latin1 AUTO_INCREMENT=14 ;

--
-- Dumping data for table `tbl_company_structure`
--

INSERT INTO `tbl_company_structure` (`id`, `name`, `order_no`, `parent_id`, `official_name`, `nik`, `position`) VALUES
(2, 'Direktur Umum', 0, 0, 'Ahmad Bakhrun', '123', 'Loddd'),
(9, 'Direktur Tata Usaha', 0, 2, 'Supratin A', '', ''),
(11, 'Direktur Keuangan', 0, 2, 'Roxette', '', ''),
(12, 'Staff Keuangan', 0, 9, 'Molekuler B', '', ''),
(13, 'Staff Kehutangan', 0, 9, 'Michael J Fox', '', '');

-- --------------------------------------------------------

--
-- Table structure for table `themes`
--

CREATE TABLE IF NOT EXISTS `themes` (
  `id` int(11) NOT NULL AUTO_INCREMENT,
  `sasaran` varchar(255) NOT NULL,
  `objective_id` int(11) NOT NULL,
  `name` varchar(128) NOT NULL,
  `target` varchar(256) DEFAULT NULL,
  PRIMARY KEY (`id`)
) ENGINE=InnoDB  DEFAULT CHARSET=latin1 AUTO_INCREMENT=10 ;

--
-- Dumping data for table `themes`
--

INSERT INTO `themes` (`id`, `sasaran`, `objective_id`, `name`, `target`) VALUES
(6, '0', 1, 'EFISIEN', 'EFISIEN'),
(9, '0', 5, 'Efficiency improvement', ' ');

-- --------------------------------------------------------

--
-- Table structure for table `types`
--

CREATE TABLE IF NOT EXISTS `types` (
  `id` int(11) NOT NULL AUTO_INCREMENT,
  `name` varchar(50) NOT NULL,
  `description` varchar(255) NOT NULL,
  PRIMARY KEY (`id`)
) ENGINE=InnoDB  DEFAULT CHARSET=latin1 AUTO_INCREMENT=4 ;

--
-- Dumping data for table `types`
--

INSERT INTO `types` (`id`, `name`, `description`) VALUES
(3, 'Tipe 1', 'Sample tipe 1');

-- --------------------------------------------------------

--
-- Table structure for table `units`
--

CREATE TABLE IF NOT EXISTS `units` (
  `id` int(11) NOT NULL AUTO_INCREMENT,
  `name` varchar(50) NOT NULL,
  `description` varchar(255) NOT NULL,
  PRIMARY KEY (`id`)
) ENGINE=InnoDB  DEFAULT CHARSET=latin1 AUTO_INCREMENT=15 ;

--
-- Dumping data for table `units`
--

INSERT INTO `units` (`id`, `name`, `description`) VALUES
(1, '%', ''),
(2, 'Kontrol', ''),
(3, 'Dokumen', ''),
(4, 'Materi', ''),
(5, 'Orang', ''),
(6, 'Pts', ''),
(7, 'Rp. (Jt)', ''),
(8, 'Rp. (M)', ''),
(9, 'Rp. (T)', ''),
(10, '$ (J)', ''),
(11, 'Tanggal', ''),
(12, 'Kali', ''),
(13, 'Rp.', ''),
(14, 'Point', '');

-- --------------------------------------------------------

--
-- Table structure for table `unit_pendunung`
--

CREATE TABLE IF NOT EXISTS `unit_pendunung` (
  `kpi_id` int(11) NOT NULL,
  `unit` int(11) NOT NULL,
  `nilai` int(11) NOT NULL
) ENGINE=InnoDB DEFAULT CHARSET=latin1;

-- --------------------------------------------------------

--
-- Table structure for table `users`
--

CREATE TABLE IF NOT EXISTS `users` (
  `id` int(5) NOT NULL AUTO_INCREMENT,
  `username` varchar(50) NOT NULL,
  `password` varchar(50) NOT NULL,
  `name` varchar(150) NOT NULL,
  `email` varchar(50) NOT NULL,
  `user_group_id` int(3) DEFAULT NULL,
  `flag` int(11) DEFAULT '1',
  `organization_id` int(11) DEFAULT '2',
  PRIMARY KEY (`id`)
) ENGINE=InnoDB  DEFAULT CHARSET=latin1 AUTO_INCREMENT=6 ;

--
-- Dumping data for table `users`
--

INSERT INTO `users` (`id`, `username`, `password`, `name`, `email`, `user_group_id`, `flag`, `organization_id`) VALUES
(1, '123', '202cb962ac59075b964b07152d234b70', 'Admin', 'abakhrun@aegis.ac.id', 1, 1, 2),
(2, '222', 'bcbe3365e6ac95ea2c0343a2395834dd', 'Bukan Admin', 'abakhrun@gmail.com', 2, 1, 2),
(5, 'management', '9cfdbe193636e150bca47c2437b95a3c', 'Dudung Prilaksono', 'dprilaksono@gmail.com', 1, 1, 0);

-- --------------------------------------------------------

--
-- Table structure for table `user_groups`
--

CREATE TABLE IF NOT EXISTS `user_groups` (
  `id` int(3) NOT NULL AUTO_INCREMENT,
  `name` varchar(128) DEFAULT NULL,
  `keterangan` varchar(256) DEFAULT NULL,
  PRIMARY KEY (`id`)
) ENGINE=InnoDB  DEFAULT CHARSET=latin1 AUTO_INCREMENT=6 ;

--
-- Dumping data for table `user_groups`
--

INSERT INTO `user_groups` (`id`, `name`, `keterangan`) VALUES
(1, 'Administrator', 'Group administrator'),
(2, 'Unit', 'Kelompok pengguna dari unit-unit organisasi mulai dari direktur utama hingga unit organisasi terkecil'),
(3, 'manajemen', ' '),
(4, 'Penilai', 'Kelompok pengguna yang melakukan penilaian kinerja'),
(5, 'Operator', 'Kelompok pengguna yang bertanggung jawab untuk mengelola data parameter di aplikasi');

-- --------------------------------------------------------

--
-- Table structure for table `user_group_role`
--

CREATE TABLE IF NOT EXISTS `user_group_role` (
  `user_group_id` int(3) DEFAULT NULL,
  `menu_id` int(5) DEFAULT NULL,
  KEY `FK_user_group_role` (`menu_id`)
) ENGINE=InnoDB DEFAULT CHARSET=latin1;

--
-- Dumping data for table `user_group_role`
--

INSERT INTO `user_group_role` (`user_group_id`, `menu_id`) VALUES
(5, 1),
(5, 6),
(5, 7),
(5, 8),
(5, 9),
(5, 11),
(5, 12),
(5, 13),
(5, 14),
(5, 15),
(5, 36),
(5, 40),
(5, 43),
(5, 37),
(5, 19),
(5, 20),
(5, 21),
(5, 24),
(5, 35),
(5, 25),
(5, 38),
(5, 26),
(5, 27),
(5, 28),
(5, 29),
(5, 30),
(5, 31),
(5, 32),
(1, 1),
(1, 2),
(1, 33),
(1, 34),
(1, 41),
(1, 3),
(1, 4),
(1, 42),
(1, 46),
(1, 45),
(1, 6),
(1, 7),
(1, 8),
(1, 9),
(1, 11),
(1, 12),
(1, 13),
(1, 14),
(1, 15),
(1, 36),
(1, 40),
(1, 16),
(1, 17),
(1, 18),
(1, 43),
(1, 44),
(1, 37),
(1, 19),
(1, 20),
(1, 21),
(1, 24),
(1, 35),
(1, 38),
(1, 25),
(1, 26),
(1, 27),
(1, 28),
(1, 29),
(1, 30),
(1, 31),
(1, 32),
(2, 1),
(2, 2),
(2, 33),
(2, 34),
(2, 41),
(2, 3),
(2, 4),
(2, 42),
(2, 46),
(2, 45),
(2, 14),
(2, 16),
(2, 30),
(2, 31),
(2, 32),
(3, 1),
(3, 2),
(3, 33),
(3, 34),
(3, 41),
(3, 3),
(3, 4),
(3, 42),
(3, 46),
(3, 45),
(3, 6),
(3, 7),
(3, 8),
(3, 9),
(3, 11),
(3, 12),
(3, 13),
(3, 14),
(3, 15),
(3, 36),
(3, 40),
(3, 16),
(3, 17),
(3, 18),
(3, 43),
(3, 44),
(3, 37),
(3, 19),
(3, 20),
(3, 21),
(3, 24),
(3, 35),
(3, 38),
(3, 25),
(3, 26),
(3, 27),
(3, 28),
(3, 29),
(3, 30),
(3, 31),
(3, 32),
(4, 1),
(4, 2),
(4, 33),
(4, 34),
(4, 41),
(4, 3),
(4, 4),
(4, 42),
(4, 46),
(4, 45),
(4, 6),
(4, 7),
(4, 8),
(4, 9),
(4, 14),
(4, 17),
(4, 18),
(4, 37),
(4, 30),
(4, 31),
(4, 32);

-- --------------------------------------------------------

--
-- Table structure for table `user_logs`
--

CREATE TABLE IF NOT EXISTS `user_logs` (
  `id` int(9) NOT NULL AUTO_INCREMENT,
  `user_id` varchar(9) DEFAULT NULL,
  `username` varchar(100) NOT NULL,
  `session_id` varchar(64) DEFAULT NULL,
  `browser` varchar(128) DEFAULT NULL,
  `log_addr` varchar(32) DEFAULT NULL,
  `login_time` datetime DEFAULT NULL,
  `last_act_time` datetime DEFAULT NULL,
  `logout_time` datetime DEFAULT NULL,
  PRIMARY KEY (`id`)
) ENGINE=InnoDB  DEFAULT CHARSET=latin1 AUTO_INCREMENT=42 ;

--
-- Dumping data for table `user_logs`
--

INSERT INTO `user_logs` (`id`, `user_id`, `username`, `session_id`, `browser`, `log_addr`, `login_time`, `last_act_time`, `logout_time`) VALUES
(1, '1', '123', '20140111121143', 'Firefox', '36.72.96.105', '2014-01-11 12:11:43', '2014-01-11 12:11:43', '2014-01-11 12:12:01'),
(2, '1', '123', '20140111121405', 'Firefox', '36.72.96.105', '2014-01-11 12:14:05', '2014-01-11 12:14:05', '2014-01-11 12:15:27'),
(3, '5', 'management', '20140111121632', 'Firefox', '36.72.96.105', '2014-01-11 12:16:32', '2014-01-11 12:16:32', NULL),
(4, '5', 'management', '20140111121811', 'Opera', '141.0.8.41', '2014-01-11 12:18:11', '2014-01-11 12:18:11', '2014-01-11 12:20:10'),
(5, '5', 'management', '20140111122632', 'Firefox', '202.67.46.4', '2014-01-11 12:26:32', '2014-01-11 12:26:32', NULL),
(6, '5', 'management', '20140112001004', 'Chrome', '180.214.233.79', '2014-01-12 00:10:04', '2014-01-12 00:10:04', NULL),
(7, '5', 'management', '20140112091304', 'Firefox', '39.250.181.169', '2014-01-12 09:13:04', '2014-01-12 09:13:04', NULL),
(8, '5', 'management', '20140112092127', 'Firefox', '180.214.232.81', '2014-01-12 09:21:27', '2014-01-12 09:21:27', NULL),
(9, '1', '123', '20140112094152', 'Firefox', '125.163.108.92', '2014-01-12 09:41:52', '2014-01-12 09:41:52', NULL),
(10, '1', '123', '20140112095156', 'Firefox', '36.72.144.13', '2014-01-12 09:51:56', '2014-01-12 09:51:56', '2014-01-12 09:52:30'),
(11, '5', 'management', '20140113023437', 'Chrome', '36.77.225.32', '2014-01-13 02:34:37', '2014-01-13 02:34:37', NULL),
(12, '2', '222', '20140113093634', 'Firefox', '36.72.68.124', '2014-01-13 09:36:34', '2014-01-13 09:36:34', '2014-01-13 09:37:56'),
(13, '2', '222', '20140113094528', 'Firefox', '36.72.68.124', '2014-01-13 09:45:28', '2014-01-13 09:45:28', NULL),
(14, '2', '222', '20140113094609', 'Firefox', '36.72.68.124', '2014-01-13 09:46:09', '2014-01-13 09:46:09', '2014-01-13 09:46:34'),
(15, '2', '222', '20140113095313', 'Firefox', '36.72.68.124', '2014-01-13 09:53:13', '2014-01-13 09:53:13', '2014-01-13 09:53:54'),
(16, '2', '222', '20140113095928', 'Firefox', '36.72.68.124', '2014-01-13 09:59:28', '2014-01-13 09:59:28', '2014-01-13 10:00:12'),
(17, '5', 'management', '20140113100155', 'Chrome', '36.72.68.124', '2014-01-13 10:01:55', '2014-01-13 10:01:55', '2014-01-13 10:03:12'),
(18, '5', 'management', '20140113100338', 'Chrome', '36.72.68.124', '2014-01-13 10:03:38', '2014-01-13 10:03:38', NULL),
(19, '2', '222', '20140113114757', 'Firefox', '36.72.68.124', '2014-01-13 11:47:57', '2014-01-13 11:47:57', '2014-01-13 11:49:28'),
(20, '5', 'management', '20140114122839', 'Chrome', '180.214.233.35', '2014-01-14 12:28:39', '2014-01-14 12:28:39', NULL),
(21, '5', 'management', '20140115015857', 'Chrome', '125.161.196.249', '2014-01-15 01:58:57', '2014-01-15 01:58:57', NULL),
(22, '5', 'management', '20140114121150', 'Chrome', '36.72.86.101', '2014-01-14 12:11:50', '2014-01-14 12:11:50', NULL),
(23, '5', 'management', '20140114133141', 'Chrome', '125.161.196.249', '2014-01-14 13:31:41', '2014-01-14 13:31:41', NULL),
(24, '5', 'management', '20140114140312', 'Chrome', '36.72.84.8', '2014-01-14 14:03:12', '2014-01-14 14:03:12', NULL),
(25, '5', 'management', '20140115185847', 'Safari', '182.0.160.131', '2014-01-15 18:58:47', '2014-01-15 18:58:47', NULL),
(26, '5', 'management', '20140115224932', 'Firefox', '36.72.124.169', '2014-01-15 22:49:32', '2014-01-15 22:49:32', NULL),
(27, '2', '222', '20140116104916', 'Firefox', '180.253.221.125', '2014-01-16 10:49:16', '2014-01-16 10:49:16', NULL),
(28, '5', 'management', '20140116122459', 'Chrome', '39.254.13.214', '2014-01-16 12:24:59', '2014-01-16 12:24:59', NULL),
(29, '5', 'management', '20140116130105', 'Firefox', '202.67.46.1', '2014-01-16 13:01:05', '2014-01-16 13:01:05', NULL),
(30, '5', 'management', '20140116130106', 'Firefox', '202.67.46.1', '2014-01-16 13:01:06', '2014-01-16 13:01:06', NULL),
(31, '5', 'management', '20140116133154', 'Firefox', '180.214.233.22', '2014-01-16 13:31:54', '2014-01-16 13:31:54', NULL),
(32, '5', 'management', '20140116145238', 'Internet Explorer', '182.4.159.135', '2014-01-16 14:52:38', '2014-01-16 14:52:38', NULL),
(33, '5', 'management', '20140117093413', 'Chrome', '180.214.233.38', '2014-01-17 09:34:13', '2014-01-17 09:34:13', NULL),
(34, '5', 'management', '20140117145753', 'Firefox', '182.23.38.130', '2014-01-17 14:57:53', '2014-01-17 14:57:53', NULL),
(35, '5', 'management', '20140118074940', 'Chrome', '223.255.229.14', '2014-01-18 07:49:40', '2014-01-18 07:49:40', NULL),
(36, '5', 'management', '20140118225634', 'Chrome', '223.255.225.7', '2014-01-18 22:56:34', '2014-01-18 22:56:34', NULL),
(37, '5', 'management', '20140119052248', 'Chrome', '202.67.46.4', '2014-01-19 05:22:48', '2014-01-19 05:22:48', NULL),
(38, '5', 'management', '20140120091554', 'Internet Explorer', '182.4.159.135', '2014-01-20 09:15:54', '2014-01-20 09:15:54', NULL),
(39, '5', 'management', '20140122001156', 'Chrome', '202.67.46.1', '2014-01-22 00:11:56', '2014-01-22 00:11:56', NULL),
(40, '5', 'management', '20140123174056', 'Chrome', '36.72.94.128', '2014-01-23 17:40:56', '2014-01-23 17:40:56', NULL),
(41, '5', 'management', '20140123174232', 'Chrome', '36.72.94.128', '2014-01-23 17:42:32', '2014-01-23 17:42:32', NULL);

--
-- Constraints for dumped tables
--

--
-- Constraints for table `kpi_support`
--
ALTER TABLE `kpi_support`
  ADD CONSTRAINT `FK_kpi_support` FOREIGN KEY (`kpi_id`) REFERENCES `kpi` (`id`) ON DELETE CASCADE;

/*!40101 SET CHARACTER_SET_CLIENT=@OLD_CHARACTER_SET_CLIENT */;
/*!40101 SET CHARACTER_SET_RESULTS=@OLD_CHARACTER_SET_RESULTS */;
/*!40101 SET COLLATION_CONNECTION=@OLD_COLLATION_CONNECTION */;
